name,datetime,tempmax,tempmin,temp,feelslikemax,feelslikemin,feelslike,dew,humidity,precip,precipprob,precipcover,preciptype,snow,snowdepth,windgust,windspeed,winddir,sealevelpressure,cloudcover,visibility,solarradiation,solarenergy,uvindex,severerisk,sunrise,sunset,moonphase,conditions,description,icon,stations
san diego,2025-01-01,64.1,42.5,51.4,64.1,42.5,50.7,45.4,81.8,0,0,0,,0,0,15.2,8,318.4,1018.4,36.2,3.8,155.8,13.5,6,10,2025-01-01T06:51:20,2025-01-01T16:53:33,0.07,Partially cloudy,Clearing in the afternoon.,partly-cloudy-day,"KNKX,CQ199,KSAN,72290023188,KMYF,72290303131,72293193107"
san diego,2025-01-02,76.5,40.2,55.9,76.5,40.2,55.9,37.8,59,0,0,0,,0,0,15,8.4,297,1018.1,0.7,8.7,164.8,14.1,6,10,2025-01-02T06:51:30,2025-01-02T16:54:19,0.1,Clear,Clear conditions throughout the day.,clear-day,"MPEC1,KNKX,CQ199,KSAN,72290023188,KMYF,72290303131,72293193107"
san diego,2025-01-03,68.8,44.6,53.2,68.8,42.5,53.1,41.6,66.5,0,0,0,,0,0,19.7,12.3,256.9,1017.8,13.4,7.9,141.4,12.3,6,10,2025-01-03T06:51:39,2025-01-03T16:55:05,0.14,Clear,Clear conditions throughout the day.,clear-day,"MPEC1,KNKX,CQ199,KSAN,72290023188,KMYF,72290303131,72293193107"
san diego,2025-01-04,62.1,46.2,53.2,62.1,43.8,52.8,45.7,76.4,0,0,0,,0,0,14.8,9.9,353.4,1018.8,35.3,7.5,142.8,12.3,6,10,2025-01-04T06:51:47,2025-01-04T16:55:53,0.17,Partially cloudy,Clearing in the afternoon.,partly-cloudy-day,"KNKX,CQ199,KSAN,72290023188,KMYF,72290303131,72293193107"
san diego,2025-01-05,73.1,43.7,57.1,73.1,40.8,56.9,33.4,49,0,0,0,,0,0,14.8,11.9,335.5,1019.2,0.5,9.7,157.4,13.6,6,10,2025-01-05T06:51:52,2025-01-05T16:56:41,0.21,Clear,Clear conditions throughout the day.,clear-day,"KNKX,CQ199,KSAN,72290023188,KMYF,72290303131,72293193107"
san diego,2025-01-06,74,47.4,59,74,47.4,59,31.7,39.2,0,0,0,,0,0,16.3,10.2,237.5,1017.4,6.3,9.9,163.9,14.1,6,10,2025-01-06T06:51:56,2025-01-06T16:57:30,0.25,Clear,Clear conditions throughout the day.,clear-day,"MPEC1,KNKX,CQ199,KSAN,72290023188,KMYF,72290303131,72293193107"
san diego,2025-01-07,65.9,50,58.9,65.9,50,58.9,39.1,53.4,0,0,0,,0,0,26.4,16,1,1013.1,14.6,9.9,156.3,13.6,6,10,2025-01-07T06:51:58,2025-01-07T16:58:20,0.28,Clear,Clear conditions throughout the day.,clear-day,"KNKX,CQ199,KSAN,72290023188,KMYF,72290303131,72293193107"
san diego,2025-01-08,71.1,51.6,60.9,71.1,51.6,60.9,23.8,24.8,0,0,0,,0,0,27.7,13.5,351.9,1017.1,0.6,9.9,159.3,13.8,6,10,2025-01-08T06:51:58,2025-01-08T16:59:11,0.32,Clear,Clear conditions throughout the day.,clear-day,"KNKX,CQ199,KSAN,72290023188,KMYF,72290303131,72293193107"
san diego,2025-01-09,70.6,42.2,56.7,70.6,39.4,56.3,21.5,27,0,0,0,,0,0,19.7,11.8,8.3,1019.2,0.1,9.9,168.9,14.5,7,10,2025-01-09T06:51:56,2025-01-09T17:00:02,0.35,Clear,Clear conditions throughout the day.,clear-day,"MPEC1,KNKX,CQ199,KSAN,72290023188,KMYF,72290303131,72293193107"
san diego,2025-01-10,71.7,46.5,61.3,71.7,46.5,61.3,20.3,24.9,0,0,0,,0,0,29.6,18,11.1,1023.8,0,9.9,171.9,14.9,7,10,2025-01-10T06:51:53,2025-01-10T17:00:55,0.39,Clear,Clear conditions throughout the day.,clear-day,"KNKX,CQ199,KSAN,72290023188,KMYF,72290303131,72293193107"
san diego,2025-01-11,66.4,43.4,53.1,66.4,40.8,52.5,33.2,48.6,0,0,0,,0,0,15.4,10.3,13.9,1016.9,0.1,9.8,164.1,14.2,6,10,2025-01-11T06:51:48,2025-01-11T17:01:48,0.42,Clear,Clear conditions throughout the day.,clear-day,"KNKX,CQ199,KSAN,72290023188,KMYF,72290303131,72293193107"
san diego,2025-01-12,67.2,44.1,55.1,67.2,44.1,54.8,23.6,33.6,0,0,0,,0,0,19.9,10.3,337.4,1017.3,0,9.9,174.3,15.1,7,10,2025-01-12T06:51:41,2025-01-12T17:02:41,0.46,Clear,Clear conditions throughout the day.,clear-day,"MPEC1,KNKX,CQ199,KSAN,72290023188,KMYF,72290303131,72293193107"
san diego,2025-01-13,66.9,42.1,53.2,66.9,40.2,52.7,15.7,24.1,0,0,0,,0,0,16.8,9.9,357.7,1021.6,1.1,9.8,171.5,14.8,7,10,2025-01-13T06:51:32,2025-01-13T17:03:35,0.5,Clear,Clear conditions throughout the day.,clear-day,"MPEC1,KNKX,CQ199,KSAN,72290023188,KMYF,72290303131,72293193107"
san diego,2025-01-14,69.5,37.2,53.4,69.5,33.5,52.6,10.4,19.8,0,0,0,,0,0,31.1,17.2,57,1023.8,0,9.9,175.9,15.1,7,10,2025-01-14T06:51:21,2025-01-14T17:04:30,0.53,Clear,Clear conditions throughout the day.,clear-day,"MPEC1,KNKX,CQ199,KSAN,72290023188,KMYF,72290303131,72293193107"
san diego,2025-01-15,72,38.1,53.3,72,38.1,53,14.3,22.7,0,0,0,,0,0,17.7,10.2,322.2,1022.2,0,9.9,174.1,14.9,7,10,2025-01-15T06:51:09,2025-01-15T17:05:25,0.56,Clear,Clear conditions throughout the day.,clear-day,"MPEC1,KNKX,CQ199,KSAN,72290023188,KMYF,72290303131,72293193107"
san diego,2025-01-16,62.1,40.9,51,62.1,39.1,50.4,29.7,49.3,0,0,0,,0,0,19.7,11.3,179.5,1021.2,9.2,9.7,117.8,10.2,5,10,2025-01-16T06:50:54,2025-01-16T17:06:20,0.59,Clear,Clear conditions throughout the day.,clear-day,"KNKX,CQ199,KSAN,72290023188,KMYF,72290303131,72293193107"
san diego,2025-01-17,60.2,43.1,50.6,60.2,40.6,50,42,73.5,0,0,0,,0,0,18.8,10.3,181,1022.8,26.3,9.8,166.9,14.3,7,10,2025-01-17T06:50:38,2025-01-17T17:07:16,0.63,Partially cloudy,Partly cloudy throughout the day.,partly-cloudy-day,"KNKX,CQ199,KSAN,72290023188,KMYF,72290303131,72293193107"
san diego,2025-01-18,60.5,41.1,51.7,60.5,38,51.5,42.8,72.5,0,0,0,,0,0,17,10.3,260.3,1023.2,19.1,9.9,173.2,14.9,7,10,2025-01-18T06:50:21,2025-01-18T17:08:12,0.66,Clear,Clear conditions throughout the day.,clear-day,"KNKX,CQ199,KSAN,72290023188,KMYF,72290303131,72293193107"
san diego,2025-01-19,60.2,43.5,52.5,60.2,43.5,52.3,43.9,73.3,0,0,0,,0,0,17.7,11.4,308.5,1021.6,57.2,9.4,153.2,13.3,7,10,2025-01-19T06:50:01,2025-01-19T17:09:08,0.69,Partially cloudy,Partly cloudy throughout the day.,partly-cloudy-day,"KNKX,CQ199,KSAN,72290023188,KMYF,72290303131,72293193107"
san diego,2025-01-20,64.2,47.1,56.8,64.2,46.2,56.7,32.2,48.2,0,0,0,,0,0,23,13.6,354.4,1021.2,26.7,9.8,166.3,14.4,7,10,2025-01-20T06:49:40,2025-01-20T17:10:05,0.72,Partially cloudy,Partly cloudy throughout the day.,partly-cloudy-day,"MPEC1,KNKX,CQ199,KSAN,72290023188,KMYF,72290303131,72293193107"
san diego,2025-01-21,71,44.1,57.4,71,40.8,57,4.9,14.5,0,0,0,,0,0,26.4,11.5,349,1027.2,1.9,9.8,184.2,15.9,7,10,2025-01-21T06:49:17,2025-01-21T17:11:02,0.75,Clear,Clear conditions throughout the day.,clear-day,"MPEC1,KNKX,CQ199,KSAN,72290023188,KMYF,72290303131,72293193107"
san diego,2025-01-22,76.5,43.5,57.8,76.5,43.3,57.6,19.1,25.1,0,0,0,,0,0,21,9.9,324.5,1022.3,7.3,9.9,162.4,14,7,10,2025-01-22T06:48:52,2025-01-22T17:11:59,0.79,Clear,Clear conditions throughout the day.,clear-day,"MPEC1,KNKX,CQ199,KSAN,72290023188,KMYF,72290303131,72293193107"
san diego,2025-01-23,75.8,44.7,60.3,75.8,44.3,60.2,1.6,11.2,0,0,0,,0,0,31.8,14.8,5,1023.1,0.8,9.9,188.2,16.3,7,10,2025-01-23T06:48:26,2025-01-23T17:12:56,0.82,Clear,Clear conditions throughout the day.,clear-day,"MPEC1,KNKX,CQ199,KSAN,72290023188,KMYF,72290303131,72293193107"
san diego,2025-01-24,71.7,43.1,54.8,71.7,43.1,54.5,4.8,14.8,0,0,0,,0,0,19,10.3,296.5,1016.8,3.2,9.8,159.3,13.7,6,10,2025-01-24T06:47:58,2025-01-24T17:13:54,0.85,Clear,Clear conditions throughout the day.,clear-day,"MPEC1,KNKX,CQ199,KSAN,72290023188,KMYF,72290303131,72293193107"
san diego,2025-01-25,60.5,43.4,52.2,60.5,41.6,51.9,31.5,50.4,0,0,0,,0,0,31.3,19.3,178.7,1013.1,46.3,9,129,11.1,7,10,2025-01-25T06:47:28,2025-01-25T17:14:51,0.88,Partially cloudy,Becoming cloudy in the afternoon.,partly-cloudy-day,"KNKX,CQ199,KSAN,72290023188,KMYF,72290303131,72293193107"
san diego,2025-01-26,57.6,48.6,53.1,57.6,46.7,53,46.1,77.7,0.184,100,37.5,rain,0,0,24.2,10.3,172.3,1017.2,96.8,9,97.4,8.3,5,10,2025-01-26T06:46:56,2025-01-26T17:15:48,0.91,"Rain, Overcast",Cloudy skies throughout the day with a chance of rain throughout the day.,rain,"KNKX,CQ199,KSAN,72290023188,KMYF,72290303131,72293193107"
san diego,2025-01-27,57,43.5,49.9,57,42.4,48.8,42.5,76.7,0.088,100,12.5,rain,0,0,17,10.6,210.3,1018.5,50.3,9.5,119.7,10.2,5,10,2025-01-27T06:46:23,2025-01-27T17:16:46,0.95,"Rain, Partially cloudy",Partly cloudy throughout the day with rain.,rain,"MPEC1,KNKX,CQ199,KSAN,72290023188,KMYF,72290303131,72293193107"
san diego,2025-01-28,58.6,38.7,48.8,58.6,38.7,48.5,41.3,76.3,0,0,0,,0,0,16.8,11.4,201,1018.2,22.1,9.8,176.3,15.1,7,10,2025-01-28T06:45:49,2025-01-28T17:17:43,0.98,Partially cloudy,Partly cloudy throughout the day.,partly-cloudy-day,"KNKX,CQ199,KSAN,72290023188,KMYF,72290303131,72293193107"
san diego,2025-01-29,59.4,48,52.6,59.4,46.1,52.2,44.4,74.8,0,0,0,,0,0,13.9,11.3,198.4,1019.9,59,9.3,167.5,14.4,7,10,2025-01-29T06:45:12,2025-01-29T17:18:40,0,Partially cloudy,Partly cloudy throughout the day.,partly-cloudy-day,"KNKX,CQ199,KSAN,72290023188,KMYF,72290303131,72293193107"
san diego,2025-01-30,57.6,44.6,52,57.6,43.3,51.8,44,75,0,0,0,,0,0,19.7,9.2,292.6,1023.4,55,9.5,103,8.8,3,10,2025-01-30T06:44:35,2025-01-30T17:19:38,0.05,Partially cloudy,Partly cloudy throughout the day.,partly-cloudy-day,"KNKX,CQ199,KSAN,72290023188,KMYF,72290303131,72293193107"
san diego,2025-01-31,61.1,40.1,50.8,61.1,38,50.4,42.7,75.4,0,0,0,,0,0,21.9,12.3,327.9,1023.5,3.5,9,179.5,15.6,7,10,2025-01-31T06:43:55,2025-01-31T17:20:35,0.08,Clear,Clear conditions throughout the day.,clear-day,"KNKX,CQ199,KSAN,72290023188,KMYF,72290303131,72293193107"
san diego,2025-02-01,69.1,43.8,55.4,69.1,43,55.1,43.9,68.9,0,0,0,,0,0,19,9,322.7,1020.1,0.5,8.2,187.6,16.1,7,10,2025-02-01T06:43:14,2025-02-01T17:21:32,0.12,Clear,Clear conditions throughout the day.,clear-day,"KNKX,CQ199,KSAN,72290023188,KMYF,72290303131,72293193107"
san diego,2025-02-02,71.3,46.2,58.1,71.3,46.2,58,46.8,69,0,0,0,,0,0,16.8,7,314.9,1017.9,14,8.3,194.3,16.8,7,10,2025-02-02T06:42:32,2025-02-02T17:22:28,0.15,Clear,Clear conditions throughout the day.,clear-day,"MPEC1,KNKX,KSAN,CQ199,72290023188,KMYF,72290303131,72293193107"
san diego,2025-02-03,72.3,45.4,54.7,72.3,44,54.4,49.4,84.2,0,0,0,,0,0,21.9,9.7,314.5,1014,42.3,6.2,191.7,16.5,7,10,2025-02-03T06:41:48,2025-02-03T17:23:25,0.19,Partially cloudy,Partly cloudy throughout the day.,partly-cloudy-day,"KNKX,CQ199,KSAN,72290023188,KMYF,72290303131,72293193107"
san diego,2025-02-04,63.1,48.1,54.2,63.1,48.1,54.2,47.6,79,0,0,0,,0,0,42.5,12.2,213,1016,61.6,7.6,89.8,7.6,5,10,2025-02-04T06:41:03,2025-02-04T17:24:21,0.22,Partially cloudy,Partly cloudy throughout the day.,partly-cloudy-day,"KNKX,CQ199,KSAN,72290023188,KMYF,72290303131,72293193107"
san diego,2025-02-05,70.1,47.1,57.2,70.1,47.1,57.2,49.4,76.7,0,0,0,,0,0,19.7,10.7,282.5,1017.6,48.6,8.7,193.2,16.7,7,10,2025-02-05T06:40:17,2025-02-05T17:25:18,0.25,Partially cloudy,Clearing in the afternoon.,partly-cloudy-day,"KNKX,CQ199,KSAN,72290023188,KMYF,72290303131,72293193107"
san diego,2025-02-06,64.9,51.3,57.4,64.9,51.3,57.4,53,85.8,0,0,0,,0,0,25.3,9.3,161.8,1017.8,82.4,7.6,94.7,8.1,5,10,2025-02-06T06:39:28,2025-02-06T17:26:14,0.3,Partially cloudy,Partly cloudy throughout the day.,partly-cloudy-day,"KNKX,CQ199,KSAN,72290023188,KMYF,72290303131,72293193107"
san diego,2025-02-07,60.8,52.2,57.1,60.8,52.2,57.1,54.4,90.8,0.088,100,37.5,rain,0,0,19.5,11.4,225.5,1019.8,96.8,3.6,62.7,5.3,3,10,2025-02-07T06:38:39,2025-02-07T17:27:09,0.33,"Rain, Overcast",Cloudy skies throughout the day with rain clearing later.,rain,"KNKX,CQ199,KSAN,72290023188,KMYF,72290303131,72293193107"
san diego,2025-02-08,62.4,46.5,54.3,62.4,46.5,54.3,47.2,77.8,0,0,0,,0,0,19.7,10.7,328,1018.7,20.8,9.3,172.5,14.9,8,10,2025-02-08T06:37:48,2025-02-08T17:28:05,0.37,Partially cloudy,Partly cloudy throughout the day.,partly-cloudy-day,"KNKX,CQ199,KSAN,72290023188,KMYF,72290303131,72293193107"
san diego,2025-02-09,69.4,48,56,69.4,47.2,55.9,45.6,71.2,0,0,0,,0,0,16.6,8.1,321.9,1017.1,5.1,9.2,149.3,12.6,7,10,2025-02-09T06:36:56,2025-02-09T17:29:00,0.4,Clear,Clear conditions throughout the day.,clear-day,"KNKX,CQ199,KSAN,72290023188,KMYF,72290303131,72293193107"
san diego,2025-02-10,59.6,48.6,53.9,59.6,47.8,53.8,44.2,71,0,0,0,,0,0,19.2,8.5,205.1,1017.5,78.1,7.7,176.5,15.3,8,10,2025-02-10T06:36:03,2025-02-10T17:29:54,0.44,Partially cloudy,Partly cloudy throughout the day.,partly-cloudy-day,"KNKX,CQ199,KSAN,72290023188,KMYF,72290303131,72293193107"
san diego,2025-02-11,57.3,49.2,52.8,57.3,47,52.7,41,64.5,0,0,0,,0,0,24.2,14.6,221.4,1014.8,86.3,9,109.4,9.4,5,10,2025-02-11T06:35:09,2025-02-11T17:30:49,0.47,Partially cloudy,Partly cloudy throughout the day.,partly-cloudy-day,"KNKX,CQ199,KSAN,72290023188,KMYF,72290303131,72293193107"
san diego,2025-02-12,55.2,49.7,52.3,55.2,46.8,52,48.3,86.6,0.21,100,50,rain,0,0,31.1,12.7,182.2,1014.5,98.3,4.5,56.8,4.8,3,10,2025-02-12T06:34:13,2025-02-12T17:31:43,0.5,"Rain, Overcast",Cloudy skies throughout the day with rain.,rain,"MPEC1,KNKX,CQ199,KSAN,72290023188,KMYF,72290303131,72293193107"
san diego,2025-02-13,58.6,54,56.2,58.6,54,56.2,53.9,92.1,0.731,100,79.17,rain,0,0,34.5,18.6,179.4,1016.7,100,4.2,34.5,3,2,10,2025-02-13T06:33:16,2025-02-13T17:32:37,0.54,"Rain, Overcast",Cloudy skies throughout the day with a chance of rain throughout the day.,rain,"MPEC1,KNKX,KSAN,CQ199,72290023188,KMYF,72290303131,72293193107"
san diego,2025-02-14,60.8,49.2,56.3,60.8,47.8,56.3,50.9,82.5,0.524,100,16.67,rain,0,0,28.9,15.4,264.2,1020.1,78.7,8.4,171.8,14.8,7,10,2025-02-14T06:32:18,2025-02-14T17:33:30,0.57,"Rain, Partially cloudy",Partly cloudy throughout the day with rain clearing later.,rain,"KNKX,CQ199,KSAN,72290023188,KMYF,72290303131,72293193107"
san diego,2025-02-15,65,44.5,54,65,44.5,53.9,47.1,78.9,0,0,0,,0,0,19.2,12.4,335.7,1022,3.6,9.1,211.1,18.2,8,10,2025-02-15T06:31:19,2025-02-15T17:34:23,0.61,Clear,Clear conditions throughout the day.,clear-day,"KNKX,CQ199,KSAN,72290023188,KMYF,72290303131,72293193107"
san diego,2025-02-16,73.6,47.1,58.1,73.6,46.1,58,40.7,57.2,0,0,0,,0,0,18.3,10,311.7,1017.2,1.1,9.6,194.1,16.8,8,10,2025-02-16T06:30:18,2025-02-16T17:35:16,0.64,Clear,Clear conditions throughout the day.,clear-day,"KNKX,CQ199,KSAN,72290023188,KMYF,72290303131,72293193107"
san diego,2025-02-17,66.9,45.3,55.4,66.9,43.2,55.2,46,72.7,0,0,0,,0,0,20.8,8.2,217.8,1015.1,31.4,8.3,207,17.9,8,10,2025-02-17T06:29:17,2025-02-17T17:36:09,0.67,Partially cloudy,Clearing in the afternoon.,partly-cloudy-day,"KNKX,CQ199,KSAN,72290023188,KMYF,72290303131,72293193107"
san diego,2025-02-18,63.9,51.9,56.7,63.9,51.9,56.7,47.3,71.3,0,0,0,,0,0,23,9.6,199.1,1016.5,46.6,9,203.3,17.6,8,10,2025-02-18T06:28:15,2025-02-18T17:37:01,0.7,Partially cloudy,Clearing in the afternoon.,partly-cloudy-day,"KNKX,CQ199,KSAN,72290023188,KMYF,72290303131,72293193107"
san diego,2025-02-19,70.7,47.4,57,70.7,46.1,56.9,47.4,71.8,0,0,0,,0,0,18.3,10.3,307.4,1017.9,0.5,9.3,225.8,19.6,8,10,2025-02-19T06:27:11,2025-02-19T17:37:52,0.73,Clear,Clear conditions throughout the day.,clear-day,"KNKX,CQ199,KSAN,72290023188,KMYF,72290303131,72293193107"
san diego,2025-02-20,72.5,46.5,56.6,72.5,46.5,56.4,46.4,71.2,0,0,0,,0,0,15.2,9.8,236.7,1015.1,12.4,8.2,222.3,19.2,8,10,2025-02-20T06:26:07,2025-02-20T17:38:44,0.75,Clear,Clear conditions throughout the day.,clear-day,"KNKX,CQ199,KSAN,72290023188,KMYF,72290303131,72293193107"
san diego,2025-02-21,74.5,49.4,57.6,74.5,48,57.5,50.1,78.6,0,0,0,,0,0,20.1,10.7,276.5,1017.9,38.9,5.7,219.6,19.1,8,10,2025-02-21T06:25:02,2025-02-21T17:39:35,0.8,Partially cloudy,Clearing in the afternoon.,partly-cloudy-day,"KNKX,CQ199,KSAN,72290023188,KMYF,72290303131,72293193107"
san diego,2025-02-22,76.1,45.6,60.4,76.1,44.3,60.3,41.4,55.9,0,0,0,,0,0,22.4,13.5,318.6,1021.8,11.8,7.7,236.5,20.4,8,10,2025-02-22T06:23:55,2025-02-22T17:40:25,0.83,Clear,Clear conditions throughout the day.,clear-day,"MPEC1,KNKX,CQ199,KSAN,72290023188,KMYF,72290303131,72293193107"
san diego,2025-02-23,80,49.4,61.7,79.6,48.9,61.6,36.5,42.6,0,0,0,,0,0,22.8,14.2,310.8,1022,0.2,9.9,240.6,20.9,8,10,2025-02-23T06:22:48,2025-02-23T17:41:15,0.86,Clear,Clear conditions throughout the day.,clear-day,"KNKX,CQ199,KSAN,72290023188,KMYF,72290303131,72293193107"
san diego,2025-02-24,74.5,48.8,60.4,74.5,47.5,60.4,41.7,54.4,0,0,0,,0,0,18.6,9.5,314.1,1018.6,1.3,9.1,238.4,20.5,8,10,2025-02-24T06:21:40,2025-02-24T17:42:05,0.9,Clear,Clear conditions throughout the day.,clear-day,"MPEC1,KNKX,CQ199,KSAN,72290023188,KMYF,72290303131,72293193107"
san diego,2025-02-25,74.2,47.2,59.3,74.2,47.2,59.3,47.1,67.5,0,0,0,,0,0,18.6,8.4,286.3,1014.5,2.9,7.7,237,20.3,8,10,2025-02-25T06:20:32,2025-02-25T17:42:55,0.93,Clear,Clear conditions throughout the day.,clear-day,"KNKX,CQ199,KSAN,72290023188,KMYF,72290303131,72293193107"
san diego,2025-02-26,71.6,42.4,59.2,71.6,42.4,59.2,47.7,68.9,0,0,0,,0,0,17.4,9.8,292.6,1014,6.8,7.8,241.5,20.9,8,10,2025-02-26T06:19:22,2025-02-26T17:43:44,0.96,Clear,Clear conditions throughout the day.,clear-day,"KNKX,CQ199,KSAN,72290023188,KMYF,72290303131,72293193107"
san diego,2025-02-27,86.2,47.4,65,82.9,47.4,64.3,36.3,48.4,0,0,0,,0,0,33.3,13.5,6.7,1015.9,23.2,7.1,244.9,21.2,8,10,2025-02-27T06:18:12,2025-02-27T17:44:32,0,Partially cloudy,Clearing in the afternoon.,partly-cloudy-day,"MPEC1,KNKX,CQ199,KSAN,72290023188,KMYF,72290303131,72293193107"
san diego,2025-02-28,70.6,54.6,59,70.6,54.6,59,47.6,69,0,0,0,,0,0,26.4,14.2,192,1014.4,35.3,9.1,192.1,16.6,8,10,2025-02-28T06:17:01,2025-02-28T17:45:21,0.03,Partially cloudy,Partly cloudy throughout the day.,partly-cloudy-day,"MPEC1,KNKX,KSAN,CQ199,72290023188,KMYF,72290303131,72293193107"
san diego,2025-03-01,63,53.9,56.9,63,53.9,56.9,48.1,72.8,0,0,0,,0,0,21.3,13.1,227.4,1015.5,78.8,9.5,146.9,12.7,7,10,2025-03-01T06:15:49,2025-03-01T17:46:09,0.06,Partially cloudy,Partly cloudy throughout the day.,partly-cloudy-day,"KNKX,CQ199,KSAN,72290023188,KMYF,72290303131,72293193107"
san diego,2025-03-02,63,52.1,56.5,63,52.1,56.5,46.8,70.5,0.005,100,8.33,rain,0,0,30.8,20,247.7,1019.4,77.3,9.6,184.5,15.8,8,10,2025-03-02T06:14:37,2025-03-02T17:46:57,0.1,"Rain, Partially cloudy",Partly cloudy throughout the day with late afternoon rain.,rain,"KNKX,CQ199,KSAN,72290023188,KMYF,72290303131,72293193107"
san diego,2025-03-03,59.4,45.6,53.3,59.4,42,53,42.6,67.6,0.045,100,25,rain,0,0,31.6,21.1,273.6,1018.8,54.2,9.4,211,18.2,9,10,2025-03-03T06:13:24,2025-03-03T17:47:44,0.13,"Rain, Partially cloudy",Partly cloudy throughout the day with rain clearing later.,rain,"KNKX,CQ199,KSAN,72290023188,KMYF,72290303131,72293193107"
san diego,2025-03-04,65,45.3,53.7,65,42.1,52.7,43.8,70.6,0,0,0,,0,0,18.3,11.1,2.8,1021,20.9,9.9,235.5,20.5,8,10,2025-03-04T06:12:10,2025-03-04T17:48:31,0.17,Partially cloudy,Clearing in the afternoon.,partly-cloudy-day,"MPEC1,KNKX,CQ199,KSAN,72290023188,KMYF,72290303131,72293193107"
san diego,2025-03-05,63.3,48.2,54.2,63.3,47.5,54,47.9,80,0.219,100,20.83,rain,0,0,24.7,12.3,271,1015,65.5,8.4,131.5,11.5,6,10,2025-03-05T06:10:56,2025-03-05T17:49:18,0.2,"Rain, Partially cloudy",Partly cloudy throughout the day with late afternoon rain.,rain,"KNKX,CQ199,KSAN,72290023188,KMYF,72290303131,72293193107"
san diego,2025-03-06,57,44.8,52.4,57,37.3,51.5,43.9,73.8,1.013,100,45.83,rain,0,0,31.4,17.7,258.8,1012.8,90.6,8.3,182.4,15.8,8,10,2025-03-06T06:09:42,2025-03-06T17:50:05,0.25,"Rain, Overcast",Cloudy skies throughout the day with a chance of rain throughout the day.,rain,"KNKX,CQ199,KSAN,72290023188,KMYF,72290303131,72293193107"
san diego,2025-03-07,59.4,44.2,50.9,59.4,40.8,49.9,42.3,74,0.083,100,16.67,rain,0,0,23,10.3,195,1017,51.1,9.8,239.6,20.8,9,10,2025-03-07T06:08:27,2025-03-07T17:50:51,0.27,"Rain, Partially cloudy",Partly cloudy throughout the day with early morning rain.,rain,"KNKX,CQ199,KSAN,72290023188,KMYF,72290303131,72293193107"
san diego,2025-03-08,65.4,42.5,53.2,65.4,39.6,52.9,41.8,67.2,0,0,0,,0,0,16.3,14.6,310.6,1024.2,0,9.9,265.3,22.9,9,10,2025-03-08T06:07:11,2025-03-08T17:51:37,0.31,Clear,Clear conditions throughout the day.,clear-day,"KNKX,CQ199,KSAN,72290023188,KMYF,72290303131,72293193107"
san diego,2025-03-09,70.6,43.5,57.6,70.6,40.7,57.4,36.2,50.3,0,0,0,,0,0,20.8,12.1,294.6,1021.1,0,9.9,282.6,23.5,9,10,2025-03-09T07:05:55,2025-03-09T18:52:22,0.34,Clear,Clear conditions throughout the day.,clear-day,"KNKX,CQ199,KSAN,72290023188,KMYF,72290303131,72293193107"
san diego,2025-03-10,70.7,46.2,56.6,70.7,43.9,56.4,39,55.4,0,0,0,,0,0,22.4,12.7,236.7,1013.9,1.9,9.8,264,22.9,9,10,2025-03-10T07:04:38,2025-03-10T18:53:08,0.38,Clear,Clear conditions throughout the day.,clear-day,"KNKX,CQ199,KSAN,72290023188,KMYF,72290303131,72293193107"
san diego,2025-03-11,60.2,51.2,54.7,60.2,51.2,54.7,49.3,82,0.523,100,50,rain,0,0,31.1,11.4,118.6,1010.7,88,7.4,53.3,4.6,3,10,2025-03-11T07:03:22,2025-03-11T18:53:53,0.41,"Rain, Partially cloudy",Partly cloudy throughout the day with rain.,rain,"KNKX,CQ199,KSAN,72290023188,KMYF,72290303131,72293193107"
san diego,2025-03-12,61.7,54.8,57.2,61.7,54.8,57.2,52.6,84.8,0.069,100,20.83,rain,0,0,25.1,13.3,175.3,1015.3,97.6,8,158.7,13.7,7,10,2025-03-12T07:02:04,2025-03-12T18:54:38,0.45,"Rain, Overcast",Cloudy skies throughout the day with rain clearing later.,rain,"KNKX,CQ199,KSAN,72290023188,KMYF,72290303131,72293193107"
san diego,2025-03-13,56.7,49.7,53.3,56.7,45.3,52.8,46.3,77.7,0.673,100,41.67,rain,0,0,36.7,25.3,251,1013.8,89.4,8.2,160.3,13.9,8,10,2025-03-13T07:00:47,2025-03-13T18:55:23,0.5,"Rain, Partially cloudy",Partly cloudy throughout the day with a chance of rain throughout the day.,rain,"MPEC1,KNKX,CQ199,KSAN,72290023188,KMYF,72290303131,72293193107"
san diego,2025-03-14,55.2,49.7,52.2,55.2,46.3,52,44.7,76.2,0.209,100,37.5,rain,0,0,27.3,14.4,231.1,1016.7,81.7,8.1,99.1,8.7,4,10,2025-03-14T06:59:29,2025-03-14T18:56:07,0.52,"Rain, Partially cloudy",Partly cloudy throughout the day with rain.,rain,"KNKX,CQ199,KSAN,72290023188,KMYF,72290303131,72293193107"
san diego,2025-03-15,61.8,49.4,54.7,61.8,47.5,54.6,46.2,74.2,0,0,0,,0,0,22.1,11.4,285.3,1018.3,41.1,9.8,247.2,21.3,8,10,2025-03-15T06:58:11,2025-03-15T18:56:52,0.55,Partially cloudy,Partly cloudy throughout the day.,partly-cloudy-day,"MPEC1,KNKX,CQ199,KSAN,72290023188,KMYF,72290303131,72293193107"
san diego,2025-03-16,65.9,45.2,55.5,65.9,42.8,55.3,45.6,71.4,0,0,0,,0,0,17.4,12.5,289.2,1020.4,1.8,9.5,268.1,23.3,9,10,2025-03-16T06:56:53,2025-03-16T18:57:36,0.58,Clear,Clear conditions throughout the day.,clear-day,"KNKX,CQ199,KSAN,72290023188,KMYF,72290303131,72293193107"
san diego,2025-03-17,63,50.6,56.1,63,50.6,56.1,49.1,78.1,0.014,100,4.17,rain,0,0,23.5,14.5,290.8,1019.5,42.6,9,232.8,20.2,9,10,2025-03-17T06:55:34,2025-03-17T18:58:20,0.62,"Rain, Partially cloudy",Clearing in the afternoon with late afternoon rain.,rain,"KNKX,CQ199,KSAN,72290023188,KMYF,72290303131,72293193107"
san diego,2025-03-18,62.4,50.9,55.8,62.4,50.9,55.8,43.7,64.6,0,0,0,,0,0,23,13.6,300,1024,25.9,9.9,283,24.6,9,10,2025-03-18T06:54:16,2025-03-18T18:59:03,0.65,Partially cloudy,Clearing in the afternoon.,partly-cloudy-day,"KNKX,CQ199,KSAN,72290023188,KMYF,72290303131,72293193107"
san diego,2025-03-19,74.3,46.8,60.8,74.3,45.1,60.6,38.6,49.3,0,0,0,,0,0,21.5,12.3,320.5,1023.7,1,9.9,284.2,24.6,9,10,2025-03-19T06:52:57,2025-03-19T18:59:47,0.68,Clear,Clear conditions throughout the day.,clear-day,"MPEC1,KNKX,CQ199,KSAN,72290023188,KMYF,72290303131,72293193107"
san diego,2025-03-20,70.7,48,58.4,70.7,47.1,58.4,40.6,54,0,0,0,,0,0,17.7,11.1,289.3,1019.3,0.5,9.9,287.1,24.9,9,10,2025-03-20T06:51:38,2025-03-20T19:00:30,0.71,Clear,Clear conditions throughout the day.,clear-day,"MPEC1,KNKX,KSAN,CQ199,72290023188,KMYF,72290303131,72293193107"
san diego,2025-03-21,69.8,46.5,57.6,69.8,45.2,57.6,44.6,64.1,0,0,0,,0,0,24.2,11,281.2,1016.5,0.4,9.9,281.2,24.2,9,10,2025-03-21T06:50:19,2025-03-21T19:01:14,0.75,Clear,Clear conditions throughout the day.,clear-day,"MPEC1,KNKX,CQ199,KSAN,72290023188,KMYF,72290303131,72293193107"
san diego,2025-03-22,70,48.8,58.1,70,47.1,57.9,47.6,69.5,0,0,0,,0,0,17,9.9,180.7,1015.1,10.4,9.5,280.3,24.2,9,10,2025-03-22T06:49:00,2025-03-22T19:01:57,0.75,Clear,Clear conditions throughout the day.,clear-day,"MPEC1,KNKX,CQ199,KSAN,72290023188,KMYF,72290303131,72293193107"
san diego,2025-03-23,68.5,54.8,59.2,68.5,54.8,59.2,51.6,76.7,0,0,0,,0,0,18.6,9.9,235.2,1015.8,46.1,7.9,251.6,21.8,9,10,2025-03-23T06:47:41,2025-03-23T19:02:40,0.81,Partially cloudy,Clearing in the afternoon.,partly-cloudy-day,"KNKX,CQ199,KSAN,72290023188,KMYF,72290303131,72293193107"
san diego,2025-03-24,74.5,51.9,60,74.5,51.9,60,52.7,77.9,0,0,0,,0,0,17.7,10.3,283,1016.7,9,8.7,277.8,24,9,10,2025-03-24T06:46:22,2025-03-24T19:03:23,0.85,Clear,Clear conditions throughout the day.,clear-day,"KNKX,CQ199,KSAN,72290023188,KMYF,72290303131,72293193107"
san diego,2025-03-25,68.3,54.5,59,68.3,54.5,59,53.2,81.6,0,0,0,,0,0,17,11.4,289.7,1015,55.8,7.6,260.5,22.5,9,10,2025-03-25T06:45:02,2025-03-25T19:04:06,0.88,Partially cloudy,Clearing in the afternoon.,partly-cloudy-day,"KNKX,CQ199,KSAN,72290023188,KMYF,72290303131,72293193107"
san diego,2025-03-26,59.8,54.8,57.4,59.8,54.8,57.4,51.7,81.6,0,0,0,,0,0,17.4,8.6,287.1,1017.3,100,8.3,56,4.9,3,10,2025-03-26T06:43:43,2025-03-26T19:04:49,0.91,Overcast,Cloudy skies throughout the day.,cloudy,"KNKX,CQ199,KSAN,72290023188,KMYF,72290303131,72293193107"
san diego,2025-03-27,65.4,56.7,59.7,65.4,56.7,59.7,50.8,72.8,0,0,0,,0,0,21.5,10.7,304.2,1017.5,79.3,9.9,219.8,19.1,9,10,2025-03-27T06:42:24,2025-03-27T19:05:32,0.95,Partially cloudy,Partly cloudy throughout the day.,partly-cloudy-day,"KNKX,CQ199,KSAN,72290023188,KMYF,72290303131,72293193107"
san diego,2025-03-28,62.7,55.5,58.8,62.7,55.5,58.8,51,76.1,0.013,100,8.33,rain,0,0,23,11,246.7,1015.9,88.4,9.6,184.1,16.1,7,10,2025-03-28T06:41:06,2025-03-28T19:06:15,0.98,"Rain, Partially cloudy",Partly cloudy throughout the day with early morning rain.,rain,"KNKX,CQ199,KSAN,72290023188,KMYF,72290303131,72293193107"
san diego,2025-03-29,63.3,54.8,58,63.3,54.8,58,48.4,70.8,0,0,0,,0,0,29.4,12.4,204.4,1015.3,71.2,9.9,227.7,19.8,9,10,2025-03-29T06:39:47,2025-03-29T19:06:57,0,Partially cloudy,Partly cloudy throughout the day.,partly-cloudy-day,"KNKX,CQ199,KSAN,72290023188,KMYF,72290303131,72293193107"
san diego,2025-03-30,64.7,50.9,58,64.7,50.9,58,47.3,68.3,0,0,0,,0,0,19.9,12.3,274.3,1018.1,81.9,9.9,225.9,19.6,8,10,2025-03-30T06:38:28,2025-03-30T19:07:40,0.05,Partially cloudy,Partly cloudy throughout the day.,partly-cloudy-day,"KNKX,CQ199,KSAN,72290023188,KMYF,72290303131,72293193107"
san diego,2025-03-31,61.1,53.8,57.7,61.1,53.8,57.7,54.4,88.7,0.104,100,33.33,rain,0,0,24.2,11,198.3,1018.6,100,5.7,86.7,7.2,3,10,2025-03-31T06:37:10,2025-03-31T19:08:23,0.08,"Rain, Overcast",Cloudy skies throughout the day with a chance of rain throughout the day.,rain,"MPEC1,KNKX,CQ199,KSAN,72290023188,KMYF,72290303131,72293193107"
san diego,2025-04-01,59.8,53.2,56.6,59.8,53.2,56.6,47.3,72.2,0.003,100,4.17,rain,0,0,30,18.5,281.2,1015.2,72.5,9.9,241.5,21.1,8,10,2025-04-01T06:35:52,2025-04-01T19:09:05,0.11,"Rain, Partially cloudy",Partly cloudy throughout the day with early morning rain.,rain,"MPEC1,KNKX,KSAN,CQ199,72290023188,KMYF,72290303131,72293193107"
san diego,2025-04-02,58.6,51.9,54.9,58.6,51.9,54.9,43.6,66.2,0,0,0,,0,0,31.1,17.9,268.8,1011.4,74.6,9.9,247.8,21.4,9,10,2025-04-02T06:34:34,2025-04-02T19:09:48,0.15,Partially cloudy,Partly cloudy throughout the day.,partly-cloudy-day,"MPEC1,KNKX,KSAN,CQ199,72290023188,KMYF,72290303131,72293193107"
san diego,2025-04-03,60.2,47.8,53.6,60.2,45.8,53.3,44.8,73,0.185,100,20.83,rain,0,0,26.4,12.3,221.7,1013.6,65.4,9.6,255.2,22.1,8,10,2025-04-03T06:33:17,2025-04-03T19:10:30,0.18,"Rain, Partially cloudy",Partly cloudy throughout the day with rain.,rain,"KNKX,CQ199,KSAN,72290023188,KMYF,72290303131,72293193107"
san diego,2025-04-04,64.4,44.5,55,64.4,41.9,54.8,44.3,68.8,0,0,0,,0,0,21.9,14.6,310.6,1018.1,1.6,9.9,307.3,26.4,10,10,2025-04-04T06:31:59,2025-04-04T19:11:13,0.25,Clear,Clear conditions throughout the day.,clear-day,"KNKX,CQ199,KSAN,72290023188,KMYF,72290303131,72293193107"
san diego,2025-04-05,73.3,45.6,60.1,73.3,43.8,59.9,41.5,53.7,0,0,0,,0,0,24.2,15.9,310.8,1021.6,0.3,9.9,317.5,27.4,10,10,2025-04-05T06:30:43,2025-04-05T19:11:56,0.25,Clear,Clear conditions throughout the day.,clear-day,"KNKX,CQ199,KSAN,72290023188,KMYF,72290303131,72293193107"
san diego,2025-04-06,77.1,48.3,62.8,77.1,48.1,62.8,37.6,42.7,0,0,0,,0,0,25.5,12.7,307.2,1021.3,0,9.9,319.4,27.5,10,10,2025-04-06T06:29:26,2025-04-06T19:12:39,0.29,Clear,Clear conditions throughout the day.,clear-day,"KNKX,CQ199,KSAN,72290023188,KMYF,72290303131,72293193107"
san diego,2025-04-07,74.9,49.3,61.2,74.9,49.3,61.2,45.6,60.1,0,0,0,,0,0,19.5,9.9,307.2,1018.4,0.4,9.9,313.7,27.2,10,10,2025-04-07T06:28:10,2025-04-07T19:13:21,0.32,Clear,Clear conditions throughout the day.,clear-day,"KNKX,CQ199,KSAN,72290023188,KMYF,72290303131,72293193107"
san diego,2025-04-08,72.7,49.9,61.6,72.7,49.9,61.6,49.3,66.5,0,0,0,,0,0,18.3,10.6,287.5,1016.4,9.4,9.3,309.8,26.9,10,10,2025-04-08T06:26:54,2025-04-08T19:14:04,0.35,Clear,Clear conditions throughout the day.,clear-day,"MPEC1,KNKX,CQ199,KSAN,72290023188,KMYF,72290303131,72293193107"
san diego,2025-04-09,76,51.8,63.4,76,51.8,63.4,52.7,70.4,0,0,0,,0,0,18.3,9.2,250.4,1017.6,0.5,9.7,316.1,27.4,10,10,2025-04-09T06:25:39,2025-04-09T19:14:47,0.39,Clear,Clear conditions throughout the day.,clear-day,"KNKX,CQ199,KSAN,72290023188,KMYF,72290303131,72293193107"
san diego,2025-04-10,76.5,52.8,64.3,76.5,52.8,64.3,51.9,66.9,0,0,0,,0,0,19.5,10.3,313.4,1019,3.3,9.1,320,27.7,10,10,2025-04-10T06:24:24,2025-04-10T19:15:30,0.42,Clear,Clear conditions throughout the day.,clear-day,"KNKX,CQ199,KSAN,72290023188,KMYF,72290303131,72293193107"
san diego,2025-04-11,80.7,51.8,64.2,80.5,51.8,64.1,52.8,69,0,0,0,,0,0,20.4,10.3,254.8,1015.9,8.9,9,314.8,27.1,10,10,2025-04-11T06:23:10,2025-04-11T19:16:13,0.46,Clear,Clear conditions throughout the day.,clear-day,"KNKX,CQ199,KSAN,72290023188,KMYF,72290303131,72293193107"
san diego,2025-04-12,69.4,55.8,60.7,69.4,55.8,60.7,53.7,78.8,0,0,0,,0,0,20.8,10.4,234.2,1014.3,61.4,6.8,309.8,26.6,10,10,2025-04-12T06:21:56,2025-04-12T19:16:56,0.5,Partially cloudy,Clearing in the afternoon.,partly-cloudy-day,"KNKX,CQ199,KSAN,72290023188,KMYF,72290303131,72293193107"
san diego,2025-04-13,66.2,54.8,59.4,66.2,54.8,59.4,52.1,77.4,0,0,0,,0,0,18.3,8.7,235.6,1013.9,53.5,8,283.3,24.3,10,10,2025-04-13T06:20:43,2025-04-13T19:17:39,0.53,Partially cloudy,Clearing in the afternoon.,partly-cloudy-day,"KNKX,CQ199,KSAN,72290023188,KMYF,72290303131,72293193107"
san diego,2025-04-14,64.7,54.2,58.6,64.7,54.2,58.6,50.6,75.1,0,0,0,,0,0,21.7,12.7,278.9,1015.3,49.2,9.1,249.5,21.3,10,10,2025-04-14T06:19:30,2025-04-14T19:18:22,0.56,Partially cloudy,Clearing in the afternoon.,partly-cloudy-day,"KNKX,CQ199,KSAN,72290023188,KMYF,72290303131,72293193107"
san diego,2025-04-15,62.8,53,57.3,62.8,53,57.3,48.2,72,0,0,0,,0,0,19.7,11.3,293.4,1016.7,69.3,9.7,156.8,13.5,6,10,2025-04-15T06:18:18,2025-04-15T19:19:05,0.59,Partially cloudy,Partly cloudy throughout the day.,partly-cloudy-day,"KNKX,CQ199,KSAN,72290023188,KMYF,72290303131,72293193107"
san diego,2025-04-16,67.2,52.8,59.3,67.2,52.8,59.3,46.5,63.9,0,0,0,,0,0,27.7,11.8,245.2,1014.9,97.1,9.9,192.3,16.6,8,10,2025-04-16T06:17:07,2025-04-16T19:19:49,0.63,Overcast,Cloudy skies throughout the day.,cloudy,"KNKX,CQ199,KSAN,72290023188,KMYF,72290303131,72293193107"
san diego,2025-04-17,66.6,57.1,60.5,66.6,57.1,60.5,47.5,64.1,0,0,0,,0,0,21.9,13.8,254.1,1014.9,95.3,9.9,142.8,12.4,4,10,2025-04-17T06:15:56,2025-04-17T19:20:32,0.66,Overcast,Cloudy skies throughout the day.,cloudy,"KNKX,CQ199,KSAN,72290023188,KMYF,72290303131,72293193107"
san diego,2025-04-18,61.1,55.5,58.3,61.1,55.5,58.3,48.3,69.6,0,0,0,,0,0,23.3,11.1,293,1015.9,98,9.9,126.4,10.9,5,10,2025-04-18T06:14:46,2025-04-18T19:21:16,0.7,Overcast,Cloudy skies throughout the day.,cloudy,"KNKX,CQ199,KSAN,72290023188,KMYF,72290303131,72293193107"
san diego,2025-04-19,67.6,47.9,58.6,67.6,45,58.4,47.2,67.2,0,0,0,,0,0,25.3,14.9,315.3,1018.4,11.6,9.9,334.5,29,10,10,2025-04-19T06:13:37,2025-04-19T19:21:59,0.73,Clear,Clear conditions throughout the day.,clear-day,"KNKX,CQ199,KSAN,72290023188,KMYF,72290303131,72293193107"
san diego,2025-04-20,69.4,51,59.7,69.4,51,59.7,50.2,72.7,0,0,0,,0,0,24.8,13.1,303.3,1017.3,25.6,9.4,324.2,28,10,10,2025-04-20T06:12:28,2025-04-20T19:22:43,0.75,Partially cloudy,Clearing in the afternoon.,partly-cloudy-day,"KNKX,CQ199,KSAN,72290023188,KMYF,72290303131,72293193107"
san diego,2025-04-21,66.5,51.9,58.5,66.5,51.9,58.5,51,76.9,0,0,0,,0,0,22.4,10.6,297.4,1015.2,27.3,8.9,320,27.7,10,10,2025-04-21T06:11:21,2025-04-21T19:23:27,0.8,Partially cloudy,Clearing in the afternoon.,partly-cloudy-day,"KNKX,CQ199,KSAN,72290023188,KMYF,72290303131,72293193107"
san diego,2025-04-22,65.4,53.6,58.7,65.4,53.6,58.7,48.9,70.7,0,0,0,,0,0,27.7,13.1,278,1014.3,44.9,9.9,311.3,26.9,10,10,2025-04-22T06:10:14,2025-04-22T19:24:10,0.83,Partially cloudy,Clearing in the afternoon.,partly-cloudy-day,"KNKX,CQ199,KSAN,72290023188,KMYF,72290303131,72293193107"
san diego,2025-04-23,65.7,56.1,59.2,65.7,56.1,59.2,48.1,67.2,0,0,0,,0,0,22.1,13.8,278.6,1014.5,71.4,9.9,271.9,23.3,10,10,2025-04-23T06:09:07,2025-04-23T19:24:54,0.86,Partially cloudy,Partly cloudy throughout the day.,partly-cloudy-day,"KNKX,CQ199,KSAN,72290023188,KMYF,72290303131,72293193107"
san diego,2025-04-24,65.7,55.5,59.2,65.7,55.5,59.2,46.6,63.5,0,0,0,,0,0,21.3,10,250.9,1014.7,51.3,9.9,329.3,28.4,10,10,2025-04-24T06:08:02,2025-04-24T19:25:38,0.9,Partially cloudy,Clearing in the afternoon.,partly-cloudy-day,"KNKX,CQ199,KSAN,72290023188,KMYF,72290303131,72293193107"
san diego,2025-04-25,61.5,54.6,57.9,61.5,54.6,57.9,44.4,61.1,0,0,0,,0,0,22.8,11.9,266.9,1015.3,83.4,9.9,128.4,10.8,4,10,2025-04-25T06:06:58,2025-04-25T19:26:22,0.93,Partially cloudy,Partly cloudy throughout the day.,partly-cloudy-day,"KNKX,CQ199,KSAN,72290023188,KMYF,72290303131,72293193107"
san diego,2025-04-26,63.2,52.2,57.3,63.2,52.2,57.3,45.8,66.1,0.014,100,8.33,rain,0,0,24.2,14.9,230.1,1014.9,82,9.8,229,19.8,7,10,2025-04-26T06:05:54,2025-04-26T19:27:06,0.97,"Rain, Partially cloudy",Partly cloudy throughout the day with rain.,rain,"KNKX,CQ199,KSAN,72290023188,KMYF,72290303131,72293193107"
san diego,2025-04-27,64.8,52.2,57.2,64.8,52.2,57.2,46.3,68.3,0.021,100,8.33,rain,0,0,21.5,14.9,275,1017.8,61.2,9.9,296.8,25.7,10,10,2025-04-27T06:04:52,2025-04-27T19:27:50,0,"Rain, Partially cloudy",Partly cloudy throughout the day with rain clearing later.,rain,"KNKX,CQ199,KSAN,72290023188,KMYF,72290303131,72293193107"
san diego,2025-04-28,64.8,53.2,57.9,64.8,53.2,57.9,49.9,75.5,0.016,100,8.33,rain,0,0,22.6,14.2,273.8,1017.9,69.2,9.7,286.4,24.6,9,10,2025-04-28T06:03:50,2025-04-28T19:28:35,0.03,"Rain, Partially cloudy",Partly cloudy throughout the day with rain clearing later.,rain,"MPEC1,KNKX,CQ199,KSAN,72290023188,KMYF,72290303131,72293193107"
san diego,2025-04-29,67.6,49.7,58.8,67.6,49.7,58.8,51,76.2,0,0,0,,0,0,21.5,12.8,266.1,1017.1,9.6,9.8,330.8,28.7,10,10,2025-04-29T06:02:50,2025-04-29T19:29:19,0.07,Clear,Clear conditions throughout the day.,clear-day,"KNKX,CQ199,KSAN,72290023188,KMYF,72290303131,72293193107"
san diego,2025-04-30,68.1,55.5,60.3,68.1,55.5,60.3,52.3,75.7,0,0,0,,0,0,21.3,10.4,266.8,1015.7,64,9.1,291,25.1,10,10,2025-04-30T06:01:50,2025-04-30T19:30:03,0.1,Partially cloudy,Clearing in the afternoon.,partly-cloudy-day,"KNKX,CQ199,KSAN,72290023188,KMYF,72290303131,72293193107"
san diego,2025-05-01,65.9,57.6,60.8,65.9,57.6,60.8,49.8,67.4,0,0,0,,0,0,27.7,11.4,241,1014.3,76.8,9.9,326.2,27.9,10,10,2025-05-01T06:00:52,2025-05-01T19:30:47,0.13,Partially cloudy,Partly cloudy throughout the day.,partly-cloudy-day,"KNKX,CQ199,KSAN,72290023188,KMYF,72290303131,72293193107"
san diego,2025-05-02,66.7,58.4,60.9,66.7,58.4,60.9,52.4,73.7,0,0,0,,0,0,23.5,12.8,288.7,1014.2,99.3,9.9,164,14.1,9,10,2025-05-02T05:59:54,2025-05-02T19:31:31,0.17,Overcast,Cloudy skies throughout the day.,cloudy,"KNKX,CQ199,KSAN,72290023188,KMYF,72290303131,72293193107"
san diego,2025-05-03,63.8,56.9,59.2,63.8,56.9,59.2,53.2,80.6,0.008,100,4.17,rain,0,0,23,10.4,212.1,1013.3,100,8,97.3,8.1,4,10,2025-05-03T05:58:58,2025-05-03T19:32:16,0.2,"Rain, Overcast",Cloudy skies throughout the day with late afternoon rain.,rain,"KNKX,CQ199,KSAN,72290023188,KMYF,72290303131,72293193107"
san diego,2025-05-04,59,53.2,55.8,59,53.2,55.8,50.3,82,0.094,100,20.83,rain,0,0,29.8,13.9,199.7,1009.4,100,7.4,121.7,10.5,7,10,2025-05-04T05:58:03,2025-05-04T19:33:00,0.25,"Rain, Overcast",Cloudy skies throughout the day with rain.,rain,"KNKX,CQ199,KSAN,72290023188,KMYF,72290303131,72293193107"
san diego,2025-05-05,62.1,53.8,57.7,62.1,53.8,57.7,50.8,78.1,0,0,0,,0,0,23,10.4,190.2,1010.5,99.3,9.6,123.7,10.7,4,10,2025-05-05T05:57:09,2025-05-05T19:33:44,0.27,Overcast,Cloudy skies throughout the day.,cloudy,"KNKX,CQ199,KSAN,72290023188,KMYF,72290303131,72293193107"
san diego,2025-05-06,65.1,54,59.1,65.1,54,59.1,50.8,74.3,0,0,0,,0,0,22.8,12.7,234.1,1014.6,91.6,9.6,127.2,11.1,7,10,2025-05-06T05:56:16,2025-05-06T19:34:28,0.3,Overcast,Cloudy skies throughout the day.,cloudy,"MPEC1,KNKX,CQ199,KSAN,72290023188,KMYF,72290303131,72293193107"
san diego,2025-05-07,70.1,57.6,62.6,70.1,57.6,62.6,52.9,71,0,0,0,,0,0,27.1,14.7,309.9,1016.2,52.6,9.4,328.5,28.4,10,10,2025-05-07T05:55:24,2025-05-07T19:35:12,0.34,Partially cloudy,Clearing in the afternoon.,partly-cloudy-day,"KNKX,CQ199,KSAN,72290023188,KMYF,72290303131,72293193107"
san diego,2025-05-08,74,57.9,64.6,74,57.9,64.6,55.5,73.7,0,0,0,,0,0,21.5,12.8,310,1017.1,31.6,8.6,314.8,27.2,10,10,2025-05-08T05:54:33,2025-05-08T19:35:56,0.37,Partially cloudy,Clearing in the afternoon.,partly-cloudy-day,"MPEC1,KNKX,CQ199,KSAN,72290023188,KMYF,72290303131,72293193107"
san diego,2025-05-09,84.1,57.8,68.7,82.5,57.8,68.5,56.4,68.4,0,0,0,,0,0,23,13,294.5,1014.7,23.5,7.5,357.7,30.7,10,10,2025-05-09T05:53:44,2025-05-09T19:36:40,0.4,Partially cloudy,Clearing in the afternoon.,partly-cloudy-day,"MPEC1,KNKX,CQ199,KSAN,72290023188,KMYF,72290303131,72293193107"
san diego,2025-05-10,91,60.2,76.1,87.9,60.2,75,53.3,50.7,0,0,0,,0,0,22.8,14.9,307.3,1011.5,0.7,9.1,347.2,30.1,10,10,2025-05-10T05:52:56,2025-05-10T19:37:24,0.44,Clear,Clear conditions throughout the day.,clear-day,"MPEC1,KNKX,CQ199,KSAN,72290023188,KMYF,72290303131,72293193107"
san diego,2025-05-11,80.9,62.1,71.5,81.1,62.1,71.5,57.2,62.4,0,0,0,,0,0,22.4,9.1,226.7,1011.4,4.9,9.4,300,25.7,10,10,2025-05-11T05:52:09,2025-05-11T19:38:07,0.47,Clear,Clear conditions throughout the day.,clear-day,"MPEC1,KNKX,CQ199,KSAN,72290023188,KMYF,72290303131,72293193107"
san diego,2025-05-12,69.2,60.2,63.3,69.2,60.2,63.3,53.5,70.9,0,0,0,,0,0,24.4,12.7,226.8,1013.9,55.7,9.4,276.5,23.8,9,10,2025-05-12T05:51:24,2025-05-12T19:38:51,0.5,Partially cloudy,Clearing in the afternoon.,partly-cloudy-day,"MPEC1,KNKX,CQ199,KSAN,72290023188,KMYF,72290303131,72293193107"
san diego,2025-05-13,66.3,57.9,60.9,66.3,57.9,60.9,48.6,64.5,0.009,100,4.17,rain,0,0,24.2,13.1,249.2,1016,85.4,9.6,231.3,20.1,9,10,2025-05-13T05:50:40,2025-05-13T19:39:34,0.54,"Rain, Partially cloudy",Partly cloudy throughout the day with early morning rain.,rain,"MPEC1,KNKX,CQ199,KSAN,72290023188,KMYF,72290303131,72293193107"
san diego,2025-05-14,69.1,54.1,61.5,69.1,54.1,61.5,49.5,65.8,0,0,0,,0,0,22.1,14.3,255.3,1016.3,21.4,9.8,353.5,30.6,10,10,2025-05-14T05:49:57,2025-05-14T19:40:17,0.57,Partially cloudy,Partly cloudy throughout the day.,partly-cloudy-day,"MPEC1,KNKX,KSAN,CQ199,72290023188,KMYF,72290303131,72293193107"
san diego,2025-05-15,68.3,54.3,61.1,68.3,54.3,61.1,51.4,71.3,0,0,0,,0,0,21.9,9.2,230.5,1015,33,9.9,335.5,28.9,10,10,2025-05-15T05:49:15,2025-05-15T19:41:00,0.61,Partially cloudy,Clearing in the afternoon.,partly-cloudy-day,"KNKX,CQ199,KSAN,72290023188,KMYF,72290303131,72293193107"
san diego,2025-05-16,68,55.5,60.6,68,55.5,60.6,52,73.9,0,0,0,,0,0,23,11.4,239.7,1014.3,74.3,9.8,285.5,24.8,10,10,2025-05-16T05:48:35,2025-05-16T19:41:42,0.64,Partially cloudy,Partly cloudy throughout the day.,partly-cloudy-day,"KNKX,CQ199,KSAN,72290023188,KMYF,72290303131,72293193107"
san diego,2025-05-17,65.5,56.7,59.6,65.5,56.7,59.6,51,73.8,0.057,100,16.67,rain,0,0,25.3,13.5,198.7,1015.1,98.4,9,143.3,12.2,8,10,2025-05-17T05:47:57,2025-05-17T19:42:24,0.68,"Rain, Overcast",Cloudy skies throughout the day with late afternoon rain.,rain,"KNKX,CQ199,KSAN,72290023188,KMYF,72290303131,72293193107"
san diego,2025-05-18,66,57.3,61,66,57.3,61,53.7,77.4,0,0,0,,0,0,25.3,10.7,247.6,1014.5,75.7,9.8,168.4,14.5,7,10,2025-05-18T05:47:19,2025-05-18T19:43:06,0.71,Partially cloudy,Partly cloudy throughout the day.,partly-cloudy-day,"KNKX,CQ199,KSAN,72290023188,KMYF,72290303131,72293193107"
san diego,2025-05-19,75.7,52.9,64.3,75.7,52.9,64.3,53.9,70.8,0,0,0,,0,0,21.9,13.1,296,1014.2,13,9.8,357.1,30.6,10,10,2025-05-19T05:46:43,2025-05-19T19:43:48,0.75,Clear,Clear conditions throughout the day.,clear-day,"KNKX,CQ199,KSAN,72290023188,KMYF,72290303131,72293193107"
san diego,2025-05-20,83.8,55.5,69.5,82,55.5,69.2,54.7,63.4,0,0,0,,0,0,19.9,11.8,259.5,1012.6,0.3,9.6,362.8,31.2,10,10,2025-05-20T05:46:09,2025-05-20T19:44:29,0.75,Clear,Clear conditions throughout the day.,clear-day,"KNKX,CQ199,KSAN,72290023188,KMYF,72290303131,72293193107"
san diego,2025-05-21,83.5,51.7,65.1,81.6,51.7,65,55.3,75.2,0,0,0,,0,0,23,10.3,241.3,1012.3,9,9.2,366.9,31.6,10,10,2025-05-21T05:45:36,2025-05-21T19:45:10,0.82,Clear,Clear conditions throughout the day.,clear-day,"MPEC1,KNKX,CQ199,KSAN,72290023188,KMYF,72290303131,72293193107"
san diego,2025-05-22,75.3,53.5,64.4,75.3,53.5,64.4,56.7,77.9,0,0,0,,0,0,20.8,11.1,216.3,1013.3,42.6,7.1,332.7,28.8,10,10,2025-05-22T05:45:05,2025-05-22T19:45:50,0.85,Partially cloudy,Clearing in the afternoon.,partly-cloudy-day,"MPEC1,KNKX,CQ199,KSAN,72290023188,KMYF,F1128,72290303131,72293193107"
san diego,2025-05-23,71.1,59.8,63.6,71.1,59.8,63.6,54.9,74,0,0,0,,0,0,20.4,11,213.5,1013.6,68.1,8.2,310.8,26.8,10,10,2025-05-23T05:44:35,2025-05-23T19:46:30,0.88,Partially cloudy,Clearing in the afternoon.,partly-cloudy-day,"MPEC1,KNKX,KSAN,CQ199,72290023188,KMYF,72290303131,72293193107"
san diego,2025-05-24,68.3,58.1,63,68.3,58.1,63,52.4,68.8,0,0,0,,0,0,23,14.8,221.5,1015.3,53.2,9.9,322.3,27.8,10,10,2025-05-24T05:44:06,2025-05-24T19:47:09,0.92,Partially cloudy,Clearing in the afternoon.,partly-cloudy-day,"MPEC1,KNKX,CQ199,KSAN,72290023188,KMYF,72290303131,72293193107"
san diego,2025-05-25,68.8,58.1,62.5,68.8,58.1,62.5,51.4,67.6,0,0,0,,0,0,21.5,11,246.8,1016.2,68.9,9.9,312.4,26.8,10,10,2025-05-25T05:43:39,2025-05-25T19:47:48,0.95,Partially cloudy,Partly cloudy throughout the day.,partly-cloudy-day,"MPEC1,KNKX,CQ199,KSAN,72290023188,KMYF,72290303131,72293193107"
san diego,2025-05-26,71.3,58.7,63.9,71.3,58.7,63.9,53.6,69.9,0,0,0,,0,0,22,11.1,259.4,1015.3,69.4,9.9,301.5,26.1,10,10,2025-05-26T05:43:13,2025-05-26T19:48:27,0,Partially cloudy,Clearing in the afternoon.,partly-cloudy-day,"MPEC1,KNKX,CQ199,KSAN,72290023188,KMYF,72290303131,72293193107"
san diego,2025-05-27,70,60.8,63.9,70,60.8,63.9,53.9,70.1,0,0,0,,0,0,23.5,11.8,239.4,1015,75.7,9.9,311,27,10,10,2025-05-27T05:42:49,2025-05-27T19:49:04,0.02,Partially cloudy,Clearing in the afternoon.,partly-cloudy-day,"MPEC1,KNKX,CQ199,KSAN,72290023188,KMYF,72290303131,72293193107"
san diego,2025-05-28,66.5,59.5,61.9,66.5,59.5,61.9,54.4,76.6,0,0,0,,0,0,24.4,12.2,258.3,1014.8,100,9.5,128,11.1,8,10,2025-05-28T05:42:27,2025-05-28T19:49:41,0.05,Overcast,Cloudy skies throughout the day.,cloudy,"MPEC1,KNKX,CQ199,KSAN,72290023188,KMYF,72290303131,72293193107"
san diego,2025-05-29,70.6,58.6,62.9,70.6,58.6,62.9,55.9,78.6,0,0,0,,0,0,20.4,8.8,270.8,1013.9,82.7,8.9,149.1,12.6,7,10,2025-05-29T05:42:06,2025-05-29T19:50:18,0.09,Partially cloudy,Partly cloudy throughout the day.,partly-cloudy-day,"MPEC1,KNKX,CQ199,KSAN,72290023188,KMYF,72290303131,72293193107"
san diego,2025-05-30,78.3,61.8,67.8,78.3,61.8,67.8,58.6,73.3,0,0,0,,0,0,26.4,14.2,265.6,1013.4,27.7,9.8,347.8,30,10,10,2025-05-30T05:41:46,2025-05-30T19:50:54,0.12,Partially cloudy,Clearing in the afternoon.,partly-cloudy-day,"MPEC1,KNKX,CQ199,KSAN,72290023188,KMYF,72290303131,72293193107"
san diego,2025-05-31,80.3,59.8,68.8,80.5,59.8,68.8,60.1,75.5,0,0,0,,0,0,23.3,9.8,321.9,1013.6,27.6,7.8,137.8,12,6,10,2025-05-31T05:41:28,2025-05-31T19:51:29,0.15,Partially cloudy,Partly cloudy throughout the day.,partly-cloudy-day,"KNKX,CQ199,KSAN,72290023188,KMYF,72290303131,72293193107"
san diego,2025-06-01,83.3,64.2,71.4,82.4,64.2,71.3,59,66.6,0,0,0,,0,0,26.2,9.9,294.8,1012.7,24.4,9.8,150.8,13,5,10,2025-06-01T05:41:12,2025-06-01T19:52:03,0.19,Partially cloudy,Partly cloudy throughout the day.,partly-cloudy-day,"KNKX,CQ199,KSAN,72290023188,KMYF,72290303131,72293193107"
san diego,2025-06-02,74,61.5,66.4,74,61.5,66.4,59.1,78,0,0,0,,0,0,22.4,11.4,248.4,1014.4,44.3,8.6,337.6,29,10,10,2025-06-02T05:40:57,2025-06-02T19:52:36,0.25,Partially cloudy,Clearing in the afternoon.,partly-cloudy-day,"MPEC1,KNKX,CQ199,KSAN,72290023188,KMYF,72290303131,72293193107"
san diego,2025-06-03,69.2,60.8,63.4,69.2,60.8,63.4,58.1,83.2,0,0,0,,0,0,23.5,11.8,272.8,1014,100,7.6,149.2,12.9,7,10,2025-06-03T05:40:44,2025-06-03T19:53:09,0.25,Overcast,Cloudy skies throughout the day.,cloudy,"KNKX,CQ199,KSAN,72290023188,KMYF,72290303131,72293193107"
san diego,2025-06-04,66.3,58.6,62.2,66.3,58.6,62.2,56.9,83.2,0.016,100,8.33,rain,0,0,21,9.2,283.8,1012.5,100,8.7,97.8,8.5,3,10,2025-06-04T05:40:32,2025-06-04T19:53:41,0.29,"Rain, Overcast",Cloudy skies throughout the day with early morning rain.,rain,"KNKX,CQ199,KSAN,72290023188,KMYF,72290303131,72293193107"
san diego,2025-06-05,65.9,60.8,63,65.9,60.8,63,57.1,81.3,0,0,0,,0,0,21.5,9.9,286.7,1012.5,100,9.4,96,8,3,10,2025-06-05T05:40:22,2025-06-05T19:54:12,0.32,Overcast,Cloudy skies throughout the day.,cloudy,"MPEC1,KNKX,CQ199,KSAN,72290023188,KMYF,72290303131,72293193107"
san diego,2025-06-06,67.3,61.1,63.2,67.3,61.1,63.2,57.3,81.3,0,0,0,,0,0,21.5,10.4,291,1013.1,99.8,9,100.9,8.5,3,10,2025-06-06T05:40:13,2025-06-06T19:54:42,0.35,Overcast,Cloudy skies throughout the day.,cloudy,"KNKX,CQ199,KSAN,72290023188,KMYF,72290303131,72293193107"
san diego,2025-06-07,67.3,60.8,63.5,67.3,60.8,63.5,57.6,81.3,0,0,0,,0,0,21.3,10.3,299.6,1014.7,100,8.8,130.5,11.1,4,10,2025-06-07T05:40:06,2025-06-07T19:55:11,0.38,Overcast,Cloudy skies throughout the day.,cloudy,"MPEC1,KNKX,CQ199,KSAN,72290023188,KMYF,72290303131,72293193107"
san diego,2025-06-08,69.1,60.4,63.5,69.1,60.4,63.5,57.2,80.2,0,0,0,,0,0,22.4,11,315.9,1014.3,91,9.3,226.7,19.5,10,10,2025-06-08T05:40:01,2025-06-08T19:55:39,0.42,Overcast,Cloudy skies throughout the day.,cloudy,"KNKX,CQ199,KSAN,72290023188,KMYF,72290303131,72293193107"
san diego,2025-06-09,70.7,59.8,63.6,70.7,59.8,63.6,57,79.5,0,0,0,,0,0,20.1,10.3,269.4,1013.3,71.6,8.3,267,23,10,10,2025-06-09T05:39:56,2025-06-09T19:56:06,0.45,Partially cloudy,Partly cloudy throughout the day.,partly-cloudy-day,"MPEC1,KNKX,D3640,KSAN,CQ199,72290023188,KMYF,72290303131,72293193107"
san diego,2025-06-10,73.6,60.8,65.2,73.6,60.8,65.2,56.9,75.4,0,0,0,,0,0,20.4,10.3,258.6,1013.6,68.6,9,305.7,26.4,10,10,2025-06-10T05:39:54,2025-06-10T19:56:32,0.48,Partially cloudy,Clearing in the afternoon.,partly-cloudy-day,"MPEC1,KNKX,CQ199,KSAN,72290023188,KMYF,72290303131,72293193107"
san diego,2025-06-11,71.3,62.7,65.7,71.3,62.7,65.7,57.9,76.4,0,0,0,,0,0,20.4,9.2,260.9,1012.7,77,9.1,335.2,29,10,10,2025-06-11T05:39:53,2025-06-11T19:56:57,0.5,Partially cloudy,Partly cloudy throughout the day.,partly-cloudy-day,"KNKX,CQ199,KSAN,72290023188,KMYF,72290303131,72293193107"
san diego,2025-06-12,70.3,60.8,63.9,70.3,60.8,63.9,56.4,77.4,0,0,0,,0,0,23,10.2,207.3,1011.4,70.9,7.5,305.6,26.5,10,10,2025-06-12T05:39:53,2025-06-12T19:57:20,0.55,Partially cloudy,Clearing in the afternoon.,partly-cloudy-day,"KNKX,CQ199,KSAN,72290023188,KMYF,72290303131,72293193107"
san diego,2025-06-13,72.3,59.8,64.6,72.3,59.8,64.6,55.7,73.6,0,0,0,,0,0,21.9,10,232.3,1011.3,51.7,9.1,353,30.6,10,10,2025-06-13T05:39:55,2025-06-13T19:57:43,0.59,Partially cloudy,Clearing in the afternoon.,partly-cloudy-day,"KNKX,CQ199,KSAN,72290023188,KMYF,72290303131,72293193107"
san diego,2025-06-14,76.5,60.8,66.7,76.5,60.8,66.7,57.6,74,0,0,0,,0,0,20.1,10.8,295.6,1012.2,55.6,8.8,328.7,28.5,10,10,2025-06-14T05:39:58,2025-06-14T19:58:04,0.62,Partially cloudy,Clearing in the afternoon.,partly-cloudy-day,"KNKX,CQ199,KSAN,72290023188,KMYF,72290303131,72293193107"
san diego,2025-06-15,88.6,62.4,70.7,87.2,62.4,70.7,59.2,69.5,0,0,0,,0,0,20.8,11.8,291.8,1011.8,37.7,7.7,371,32.1,10,10,2025-06-15T05:40:03,2025-06-15T19:58:25,0.66,Partially cloudy,Clearing in the afternoon.,partly-cloudy-day,"KNKX,CQ199,KSAN,72290023188,KMYF,72290303131,72293193107"
san diego,2025-06-16,79.3,61.5,69.6,79.3,61.5,69.6,59.4,72.4,0,0,0,,0,0,20.4,10.3,274,1011.9,33,6.5,367.5,31.9,10,10,2025-06-16T05:40:09,2025-06-16T19:58:43,0.69,Partially cloudy,Clearing in the afternoon.,partly-cloudy-day,"KNKX,CQ199,KSAN,72290023188,KMYF,72290303131,72293193107"
san diego,2025-06-17,81.2,62.4,70.6,81.8,62.4,70.6,59.2,69.8,0,0,0,,0,0,25.3,9.5,232.8,1010.3,29.6,7.6,370.1,32.1,10,10,2025-06-17T05:40:17,2025-06-17T19:59:01,0.73,Partially cloudy,Clearing in the afternoon.,partly-cloudy-day,"KNKX,CQ199,KSAN,72290023188,KMYF,72290303131,72293193107"
san diego,2025-06-18,78.3,61.8,68.5,78.3,61.8,68.5,58.8,72.7,0,0,0,,0,0,23,11.1,208.4,1009.5,30.5,7.6,366,31.7,10,10,2025-06-18T05:40:25,2025-06-18T19:59:18,0.75,Partially cloudy,Clearing in the afternoon.,partly-cloudy-day,"KNKX,CQ199,KSAN,72290023188,KMYF,72290303131,72293193107"
san diego,2025-06-19,73.1,61.8,66.2,73.1,61.8,66.2,57,73.1,0,0,0,,0,0,20.7,9.2,241.6,1010.3,45.5,8.8,341.8,29.5,10,10,2025-06-19T05:40:36,2025-06-19T19:59:33,0.8,Partially cloudy,Clearing in the afternoon.,partly-cloudy-day,"KNKX,CQ199,KSAN,72290023188,KMYF,72290303131,72293193107"
san diego,2025-06-20,73.1,62.2,66.3,73.1,62.2,66.3,56.1,70.3,0,0,0,,0,0,23,11.3,212.2,1010.6,61,9.6,342,29.5,10,10,2025-06-20T05:40:47,2025-06-20T19:59:46,0.84,Partially cloudy,Clearing in the afternoon.,partly-cloudy-day,"KNKX,CQ199,KSAN,72290023188,KMYF,72290303131,72293193107"
san diego,2025-06-21,68.6,60.8,64.2,68.6,60.8,64.2,52.6,66.3,0,0,0,,0,0,29.8,15.4,176.2,1011.3,79,9.8,340.5,29.5,10,10,2025-06-21T05:41:00,2025-06-21T19:59:59,0.87,Partially cloudy,Partly cloudy throughout the day.,partly-cloudy-day,"KNKX,CQ199,KSAN,72290023188,KMYF,72290303131,72293193107"
san diego,2025-06-22,72.3,61.2,66.4,72.3,61.2,66.4,54.9,66.9,0,0,0,,0,0,20.8,10.7,222.6,1012.4,53.2,9.7,344.9,29.8,10,10,2025-06-22T05:41:15,2025-06-22T20:00:10,0.91,Partially cloudy,Clearing in the afternoon.,partly-cloudy-day,"KNKX,CQ199,KSAN,72290023188,KMYF,72290303131,72293193107"
san diego,2025-06-23,71.3,60.1,64.5,71.3,60.1,64.5,54.5,70.6,0,0,0,,0,0,21.5,12.7,205.6,1013.6,60.6,9.3,299.1,25.8,10,10,2025-06-23T05:41:30,2025-06-23T20:00:19,0.94,Partially cloudy,Partly cloudy throughout the day.,partly-cloudy-day,"KNKX,CQ199,KSAN,72290023188,KMYF,72290303131,72293193107"
san diego,2025-06-24,72,59.8,65,72,59.8,65,53.1,66.3,0,0,0,,0,0,21,11.7,263.1,1015,43.6,9.6,348.5,30.1,10,10,2025-06-24T05:41:47,2025-06-24T20:00:27,0.98,Partially cloudy,Clearing in the afternoon.,partly-cloudy-day,"KNKX,CQ199,KSAN,72290023188,KMYF,72290303131,72293193107"
san diego,2025-06-25,74.8,61.2,66.6,74.8,61.2,66.6,56.2,70.1,0,0,0,,0,0,21.3,12,262.8,1014.5,38.1,9.9,353.5,30.6,10,10,2025-06-25T05:42:05,2025-06-25T20:00:34,0,Partially cloudy,Clearing in the afternoon.,partly-cloudy-day,"MPEC1,KNKX,CQ199,KSAN,72290023188,KMYF,72290303131,72293193107"
san diego,2025-06-26,73.7,60.6,66.3,73.7,60.6,66.3,57.1,73.1,0,0,0,,0,0,20.6,9.1,246,1013.2,44.4,9.6,332.2,28.7,10,10,2025-06-26T05:42:24,2025-06-26T20:00:39,0.04,Partially cloudy,Clearing in the afternoon.,partly-cloudy-day,"KNKX,CQ199,KSAN,72290023188,KMYF,72290303131,72293193107"
san diego,2025-06-27,75.5,59.4,66.5,75.5,59.4,66.5,57.2,73.2,0,0,0,,0,0,19.9,9.9,254.8,1013.2,37.5,8.5,319.6,27.5,10,10,2025-06-27T05:42:44,2025-06-27T20:00:43,0.08,Partially cloudy,Clearing in the afternoon.,partly-cloudy-day,"MPEC1,KNKX,CQ199,KSAN,72290023188,KMYF,72290303131,72293193107"
san diego,2025-06-28,81.1,61.1,69.3,81.2,61.1,69.4,58.5,70.7,0,0,0,,0,0,21,10.6,299.2,1014.4,30.9,8.9,349.3,30.2,10,10,2025-06-28T05:43:06,2025-06-28T20:00:45,0.11,Partially cloudy,Clearing in the afternoon.,partly-cloudy-day,"KNKX,CQ199,KSAN,72290023188,KMYF,72290303131,72293193107"
san diego,2025-06-29,79.7,63.8,70.2,79.7,63.8,70.2,60.1,72,0,0,0,,0,0,24.1,11.1,304.1,1013.5,30.5,9.3,349.1,30.3,10,10,2025-06-29T05:43:28,2025-06-29T20:00:46,0.14,Partially cloudy,Clearing in the afternoon.,partly-cloudy-day,"MPEC1,KNKX,CQ199,KSAN,72290023188,KMYF,72290303131,72293193107"
san diego,2025-06-30,79.4,64.4,69.7,79.4,64.4,69.7,60.1,72.6,0,0,0,,0,0,21.9,11.1,300.5,1011.6,28,9.9,370.1,32.1,10,10,2025-06-30T05:43:52,2025-06-30T20:00:45,0.17,Partially cloudy,Clearing in the afternoon.,partly-cloudy-day,"MPEC1,KNKX,CQ199,KSAN,72290023188,KMYF,72290303131,72293193107"
san diego,2025-07-01,75.2,62.7,67.5,75.2,62.7,67.5,58,72.5,0,0,0,,0,0,20.4,10.7,299.7,1011.2,44.5,9.8,346.6,29.8,10,10,2025-07-01T05:44:16,2025-07-01T20:00:43,0.21,Partially cloudy,Clearing in the afternoon.,partly-cloudy-day,"MPEC1,KNKX,CQ199,KSAN,72290023188,KMYF,72290303131,72293193107"
san diego,2025-07-02,73.7,61.4,66.4,73.7,61.4,66.4,56.8,72.1,0,0,0,,0,0,21.9,12,261,1011.2,51.5,9.9,340.2,29.4,10,10,2025-07-02T05:44:42,2025-07-02T20:00:39,0.25,Partially cloudy,Clearing in the afternoon.,partly-cloudy-day,"MPEC1,KNKX,KSAN,CQ199,72290023188,KMYF,72290303131,72293193107"
san diego,2025-07-03,73.4,61.8,66.3,73.4,61.8,66.3,56.5,71.4,0,0,0,,0,0,21.9,12,209.6,1012.9,61.3,9.7,341.4,29.3,10,10,2025-07-03T05:45:09,2025-07-03T20:00:33,0.27,Partially cloudy,Clearing in the afternoon.,partly-cloudy-day,"KNKX,CQ199,KSAN,72290023188,KMYF,72290303131,72293193107"
san diego,2025-07-04,80,63.2,69.8,80.7,63.2,69.9,58.1,67.6,0,0,0,,0,0,20.6,10,271.2,1015.7,38.1,9.9,355.6,30.7,10,10,2025-07-04T05:45:36,2025-07-04T20:00:26,0.3,Partially cloudy,Clearing in the afternoon.,partly-cloudy-day,"KNKX,CQ199,KSAN,72290023188,KMYF,72290303131,72293193107"
san diego,2025-07-05,82,63.2,70.2,82.6,63.2,70.3,60,71.8,0,0,0,,0,0,21,11.1,272.7,1016.7,30.7,9,360.1,31.3,10,10,2025-07-05T05:46:05,2025-07-05T20:00:18,0.34,Partially cloudy,Clearing in the afternoon.,partly-cloudy-day,"KNKX,CQ199,KSAN,72290023188,KMYF,72290303131,72293193107"
san diego,2025-07-06,77.7,62.4,68.6,77.7,62.4,68.6,58.6,71.8,0,0,0,,0,0,20.4,10,287.8,1014.1,43.9,9.3,364.7,31.5,10,10,2025-07-06T05:46:34,2025-07-06T20:00:07,0.37,Partially cloudy,Clearing in the afternoon.,partly-cloudy-day,"KNKX,CQ199,KSAN,72290023188,KMYF,72290303131,72293193107"
san diego,2025-07-07,75.8,63.5,68.5,75.8,63.5,68.5,58,70,0,0,0,,0,0,20.8,12,281.1,1014.5,44,9.7,352.8,30.2,10,10,2025-07-07T05:47:04,2025-07-07T19:59:56,0.4,Partially cloudy,Clearing in the afternoon.,partly-cloudy-day,"KNKX,CQ199,KSAN,72290023188,KMYF,72290303131,72293193107"
san diego,2025-07-08,79.7,63.5,69.9,79.7,63.5,69.9,59.8,71.5,0,0,0,,0,0,23,13.1,308.8,1016.8,28.4,9.3,341.8,29.5,10,10,2025-07-08T05:47:35,2025-07-08T19:59:42,0.43,Partially cloudy,Clearing in the afternoon.,partly-cloudy-day,"KNKX,CQ199,KSAN,72290023188,KMYF,72290303131,72293193107"
san diego,2025-07-09,81.4,64.1,72.3,81.4,64.1,72.3,60.4,67.9,0,0,0,,0,0,22.1,11.8,303.4,1015.6,0.7,9.9,355.7,30.9,10,10,2025-07-09T05:48:07,2025-07-09T19:59:27,0.47,Clear,Clear conditions throughout the day.,clear-day,"KNKX,CQ199,KSAN,72290023188,KMYF,72290303131,72293193107"
san diego,2025-07-10,79.3,64.2,70.8,79.3,64.2,70.8,61.4,73.7,0,0,0,,0,0,18.3,9,264.1,1012.7,25.6,9.4,353,30.5,10,10,2025-07-10T05:48:39,2025-07-10T19:59:11,0.5,Partially cloudy,Clearing in the afternoon.,partly-cloudy-day,"KNKX,CQ199,KSAN,72290023188,KMYF,72290303131,72293193107"
san diego,2025-07-11,74.6,63.8,67.7,74.6,63.8,67.7,59.7,76,0,0,0,,0,0,20.8,9.9,210.4,1013.6,60.3,7.9,330.5,28.5,10,10,2025-07-11T05:49:13,2025-07-11T19:58:53,0.53,Partially cloudy,Clearing in the afternoon.,partly-cloudy-day,"MPEC1,KNKX,CQ199,KSAN,72290023188,KMYF,72290303131,72293193107"
san diego,2025-07-12,75.5,63.8,67.5,75.5,63.8,67.5,58.5,73.5,0,0,0,,0,0,25.3,11.9,224.6,1015,54.9,9.6,307.9,26.6,10,10,2025-07-12T05:49:47,2025-07-12T19:58:33,0.57,Partially cloudy,Clearing in the afternoon.,partly-cloudy-day,"KNKX,CQ199,KSAN,72290023188,KMYF,72290303131,72293193107"
san diego,2025-07-13,76.6,64.8,68.7,76.6,64.8,68.7,59.2,72.6,0,0,0,,0,0,19.2,11.4,277.2,1014.9,54.3,9.6,326.1,28,10,10,2025-07-13T05:50:21,2025-07-13T19:58:12,0.61,Partially cloudy,Clearing in the afternoon.,partly-cloudy-day,"KNKX,CQ199,KSAN,72290023188,KMYF,72290303131,72293193107"
san diego,2025-07-14,74.9,64.8,68.6,74.9,64.8,68.6,60.2,74.8,0,0,0,,0,0,19.5,10,275.9,1013.9,74,9.9,306.4,26.4,10,10,2025-07-14T05:50:56,2025-07-14T19:57:49,0.64,Partially cloudy,Partly cloudy throughout the day.,partly-cloudy-day,"KNKX,CQ199,KSAN,72290023188,KMYF,72290303131,72293193107"
san diego,2025-07-15,74.3,65,67.8,74.3,65,67.8,59,73.8,0,0,0,,0,0,25.3,10.4,224.6,1013.8,65.1,9.6,279.4,24.1,10,10,2025-07-15T05:51:32,2025-07-15T19:57:25,0.68,Partially cloudy,Clearing in the afternoon.,partly-cloudy-day,"MPEC1,KNKX,CQ199,KSAN,72290023188,KMYF,72290303131,72293193107"
san diego,2025-07-16,75.5,64.8,68.8,75.5,64.8,68.8,58.2,69.9,0,0,0,,0,0,19.7,11.1,230.1,1013.7,44.1,9.8,310.8,27,10,10,2025-07-16T05:52:08,2025-07-16T19:56:59,0.71,Partially cloudy,Clearing in the afternoon.,partly-cloudy-day,"MPEC1,KNKX,KSAN,CQ199,72290023188,KMYF,72290303131,72293193107"
san diego,2025-07-17,76.8,64.2,69.5,76.8,64.2,69.5,60.1,72.7,0,0,0,,0,0,21.9,10.4,288.6,1013.1,6.9,9.8,294.5,25.2,10,10,2025-07-17T05:52:45,2025-07-17T19:56:31,0.75,Clear,Clear conditions throughout the day.,clear-day,"MPEC1,KNKX,KSAN,CQ199,72290023188,KMYF,72290303131,72293193107"
san diego,2025-07-18,74,64.2,68.1,74,64.2,68.1,60.8,78,0,0,0,,0,0,21.3,10.4,270.6,1014.7,68.9,9.9,224.9,19.5,8,10,2025-07-18T05:53:22,2025-07-18T19:56:02,0.78,Partially cloudy,Partly cloudy throughout the day.,partly-cloudy-day,"MPEC1,KNKX,CQ199,KSAN,72290023188,KMYF,72290303131,72293193107"
san diego,2025-07-19,73.7,65,68.3,73.7,65,68.3,60.5,76.5,0,0,0,,0,0,23,12,226.3,1015.6,72.6,9.7,287.6,24.8,10,10,2025-07-19T05:54:00,2025-07-19T19:55:32,0.82,Partially cloudy,Clearing in the afternoon.,partly-cloudy-day,"MPEC1,KNKX,CQ199,KSAN,72290023188,KMYF,72290303131,72293193107"
san diego,2025-07-20,73.1,64.2,67,73.1,64.2,67,57.9,73.2,0,0,0,,0,0,20.8,12,214.4,1015,80,9.7,310.9,26.9,10,10,2025-07-20T05:54:38,2025-07-20T19:55:00,0.86,Partially cloudy,Clearing in the afternoon.,partly-cloudy-day,"MPEC1,KNKX,CQ199,KSAN,72290023188,KMYF,72290303131,72293193107"
san diego,2025-07-21,72.9,63.8,66.8,72.9,63.8,66.8,57.8,73.3,0,0,0,,0,0,25.3,11.4,229.9,1014.7,81.1,9.9,268.4,23.2,10,10,2025-07-21T05:55:16,2025-07-21T19:54:26,0.89,Partially cloudy,Partly cloudy throughout the day.,partly-cloudy-day,"MPEC1,KNKX,CQ199,KSAN,72290023188,KMYF,72290303131,72293193107"
san diego,2025-07-22,74,65.7,68.4,74,65.7,68.4,59.3,73,0,0,0,,0,0,21.3,13.1,278.7,1014.8,83.1,9.9,289,25,10,10,2025-07-22T05:55:55,2025-07-22T19:53:51,0.93,Partially cloudy,Partly cloudy throughout the day.,partly-cloudy-day,"KNKX,CQ199,KSAN,72290023188,KMYF,72290303131,72293193107"
san diego,2025-07-23,76.9,65.7,69.4,76.9,65.7,69.4,59.7,71.8,0,0,0,,0,0,25.2,13.9,302.4,1016.5,47.8,9.7,351.4,30.3,10,10,2025-07-23T05:56:34,2025-07-23T19:53:15,0.96,Partially cloudy,Clearing in the afternoon.,partly-cloudy-day,"KNKX,CQ199,KSAN,72290023188,KMYF,72290303131,72293193107"
san diego,2025-07-24,75.2,64.8,68.8,75.2,64.8,68.8,60.2,74.9,0,0,0,,0,0,21.9,12,301.3,1017.6,47.4,9.9,352.8,30.6,10,10,2025-07-24T05:57:13,2025-07-24T19:52:37,0,Partially cloudy,Clearing in the afternoon.,partly-cloudy-day,"MPEC1,KNKX,CQ199,KSAN,72290023188,KMYF,72290303131,72293193107"
san diego,2025-07-25,74.3,62.2,67.7,74.3,62.2,67.7,57.5,70.7,0,0,0,,0,0,21.3,12,281.9,1016,47.4,9.9,348.1,30.2,10,10,2025-07-25T05:57:53,2025-07-25T19:51:58,0.03,Partially cloudy,Clearing in the afternoon.,partly-cloudy-day,"KNKX,CQ199,KSAN,72290023188,KMYF,72290303131,72293193107"
san diego,2025-07-26,73.4,62.8,67.1,73.4,62.8,67.1,56.4,69,0,0,0,,0,0,22.1,11.4,297.1,1015,49.2,9.9,336.3,29,10,10,2025-07-26T05:58:33,2025-07-26T19:51:17,0.06,Partially cloudy,Clearing in the afternoon.,partly-cloudy-day,"KNKX,CQ199,KSAN,72290023188,KMYF,72290303131,72293193107"
san diego,2025-07-27,74.5,63.8,67.7,74.5,63.8,67.7,57.4,70.6,0,0,0,,0,0,22.1,11,307.1,1015.1,46.5,9.9,340,29.2,10,10,2025-07-27T05:59:13,2025-07-27T19:50:35,0.1,Partially cloudy,Clearing in the afternoon.,partly-cloudy-day,"KNKX,CQ199,KSAN,72290023188,KMYF,72290303131,72293193107"
san diego,2025-07-28,74.5,63.8,67.9,74.5,63.8,67.9,58.1,71.6,0,0,0,,0,0,21.9,11,296.2,1016.5,45.7,9.9,349.3,30.2,10,10,2025-07-28T05:59:53,2025-07-28T19:49:51,0.13,Partially cloudy,Clearing in the afternoon.,partly-cloudy-day,"KNKX,CQ199,KSAN,72290023188,KMYF,72290303131,72293193107"
san diego,2025-07-29,77.7,63,67.7,77.7,63,67.7,59.4,75.9,0,0,0,,0,0,22.4,10.7,305.6,1016.8,46.1,9.6,328,28.4,10,10,2025-07-29T06:00:34,2025-07-29T19:49:06,0.16,Partially cloudy,Clearing in the afternoon.,partly-cloudy-day,"KNKX,CQ199,KSAN,72290023188,KMYF,72290303131,72293193107"
san diego,2025-07-30,79,60.3,68,79,60.3,68,59.7,76.9,0,0,0,,0,0,20.8,11,285.5,1015.2,27.4,8,349.9,30.4,10,10,2025-07-30T06:01:14,2025-07-30T19:48:20,0.19,Partially cloudy,Clearing in the afternoon.,partly-cloudy-day,"KNKX,CQ199,KSAN,72290023188,KMYF,72290303131,72293193107"
san diego,2025-07-31,74.6,62.7,67.7,74.6,62.7,67.7,59.8,77.2,0,0,0,,0,0,20.4,10.3,271.9,1015.2,45.5,8.7,345.8,30,10,10,2025-07-31T06:01:55,2025-07-31T19:47:32,0.23,Partially cloudy,Clearing in the afternoon.,partly-cloudy-day,"MPEC1,KNKX,CQ199,KSAN,72290023188,KMYF,72290303131,72293193107"
san diego,2025-08-01,75.5,62.1,67.5,75.5,62.1,67.5,59,75.5,0,0,0,,0,0,23,9.9,249.1,1017.9,44.5,9.2,346.1,30,10,10,2025-08-01T06:02:36,2025-08-01T19:46:43,0.25,Partially cloudy,Clearing in the afternoon.,partly-cloudy-day,"KNKX,CQ199,KSAN,72290023188,KMYF,72290303131,72293193107"
san diego,2025-08-02,78.7,62,68.5,78.7,62,68.5,59.8,75.4,0,0,0,,0,0,20.1,10,288.3,1018.1,42,9.3,345.9,29.9,10,10,2025-08-02T06:03:17,2025-08-02T19:45:53,0.29,Partially cloudy,Clearing in the afternoon.,partly-cloudy-day,"KNKX,CQ199,KSAN,72290023188,KMYF,72290303131,72293193107"
san diego,2025-08-03,78.7,60.9,68.5,78.7,60.9,68.5,59.7,75.4,0,0,0,,0,0,20.8,11.1,280,1015.3,36.3,8.7,325.1,28.2,10,10,2025-08-03T06:03:58,2025-08-03T19:45:01,0.32,Partially cloudy,Clearing in the afternoon.,partly-cloudy-day,"KNKX,CQ199,KSAN,72290023188,KMYF,72290303131,72293193107"
san diego,2025-08-04,74.9,61.2,67.8,74.9,61.2,67.8,59.6,76.3,0,0,0,,0,0,17.9,8.2,214.8,1013.3,32.7,7.7,308,26.7,10,10,2025-08-04T06:04:39,2025-08-04T19:44:09,0.35,Partially cloudy,Clearing in the afternoon.,partly-cloudy-day,"MPEC1,KNKX,CQ199,KSAN,72290023188,KMYF,72290303131,72293193107"
san diego,2025-08-05,78.5,61.5,69.5,78.5,61.5,69.5,60.3,74.2,0,0,0,,0,0,18.8,10.3,227.9,1014.5,27.9,8.2,340,29.4,10,10,2025-08-05T06:05:20,2025-08-05T19:43:15,0.39,Partially cloudy,Clearing in the afternoon.,partly-cloudy-day,"MPEC1,KNKX,CQ199,KSAN,72290023188,KMYF,72290303131,72293193107"
san diego,2025-08-06,84.4,62.6,72.4,85.1,62.6,72.7,61.5,71,0,0,0,,0,0,20.1,10.3,281.2,1015.3,1,8.9,326.5,28.1,10,10,2025-08-06T06:06:01,2025-08-06T19:42:20,0.42,Clear,Clear conditions throughout the day.,clear-day,"MPEC1,KNKX,CQ199,KSAN,72290023188,KMYF,72290303131,72293193107"
san diego,2025-08-07,87.6,63.8,74.6,88,63.8,74.5,60.8,66.9,0,0,0,,0,0,22.1,12.7,308.1,1013.4,19.8,7.6,331,28.5,10,10,2025-08-07T06:06:42,2025-08-07T19:41:23,0.45,Clear,Clear conditions throughout the day.,clear-day,"MPEC1,KNKX,CQ199,KSAN,72290023188,KMYF,72290303131,72293193107"
san diego,2025-08-08,79.3,65,70.8,79.3,65,70.8,62.6,76.5,0,0,0,,0,0,21.9,11.1,248.7,1012.3,27.7,8.2,327.7,28.3,10,10,2025-08-08T06:07:23,2025-08-08T19:40:26,0.48,Partially cloudy,Clearing in the afternoon.,partly-cloudy-day,"KNKX,CQ199,KSAN,72290023188,KMYF,72290303131,72293193107"
san diego,2025-08-09,76.9,65.1,69.4,76.9,65.1,69.4,62,78.2,0,0,0,,0,0,19.7,10.7,270.8,1012.4,50.6,9.4,315.6,27.3,10,10,2025-08-09T06:08:04,2025-08-09T19:39:27,0.5,Partially cloudy,Clearing in the afternoon.,partly-cloudy-day,"KNKX,CQ199,KSAN,72290023188,KMYF,72290303131,72293193107"
san diego,2025-08-10,80.7,64.5,70.9,82.2,64.5,71,62.6,76.5,0,0,0,,0,0,18.6,10,267.1,1013.8,32,8.7,306.4,26.5,10,10,2025-08-10T06:08:45,2025-08-10T19:38:28,0.55,Partially cloudy,Clearing in the afternoon.,partly-cloudy-day,"KNKX,CQ199,KSAN,72290023188,KMYF,72290303131,72293193107"
san diego,2025-08-11,76.1,63.5,69.1,76.1,63.5,69.1,61.5,77.9,0,0,0,,0,0,21.9,10,234.2,1013.6,2.3,9.1,322.2,27.8,10,10,2025-08-11T06:09:26,2025-08-11T19:37:27,0.59,Clear,Clear conditions throughout the day.,clear-day,"KNKX,CQ199,KSAN,72290023188,KMYF,72290303131,72293193107"
san diego,2025-08-12,74.5,61.8,66.9,74.5,61.8,66.9,60.1,79.8,0,0,0,,0,0,23,10,208.9,1012.9,50.8,8.4,303.3,26.4,10,10,2025-08-12T06:10:07,2025-08-12T19:36:25,0.62,Partially cloudy,Clearing in the afternoon.,partly-cloudy-day,"KNKX,CQ199,KSAN,72290023188,KMYF,72290303131,72293193107"
san diego,2025-08-13,73.3,63,67.4,73.3,63,67.4,60.6,79.2,0,0,0,,0,0,21.9,10.7,228.4,1013.1,60.6,8.2,308.6,26.8,10,10,2025-08-13T06:10:48,2025-08-13T19:35:23,0.66,Partially cloudy,Clearing in the afternoon.,partly-cloudy-day,"MPEC1,KNKX,CQ199,KSAN,72290023188,KMYF,72290303131,72293193107"
san diego,2025-08-14,74.2,64.4,68.3,74.2,64.4,68.3,61,77.9,0,0,0,,0,0,19.2,11.3,240.1,1012.7,57,8.5,308.4,26.7,10,10,2025-08-14T06:11:28,2025-08-14T19:34:19,0.7,Partially cloudy,Clearing in the afternoon.,partly-cloudy-day,"MPEC1,KNKX,CQ199,KSAN,72290023188,KMYF,72290303131,72293193107"
san diego,2025-08-15,71,63,66.4,71,63,66.4,58.4,75.9,0,0,0,,0,0,23.2,11.8,184.8,1013.9,83.2,9.1,288.7,24.8,10,10,2025-08-15T06:12:09,2025-08-15T19:33:14,0.75,Partially cloudy,Partly cloudy throughout the day.,partly-cloudy-day,"KNKX,CQ199,KSAN,72290023188,KMYF,72290303131,72293193107"
san diego,2025-08-16,73.9,63,66.8,73.9,63,66.8,59,76.8,0,0,0,,0,0,21.9,12,217,1015.9,57.2,9.6,294.2,25.4,10,10,2025-08-16T06:12:50,2025-08-16T19:32:08,0.77,Partially cloudy,Clearing in the afternoon.,partly-cloudy-day,"KNKX,CQ199,KSAN,72290023188,KMYF,72290303131,72293193107"
san diego,2025-08-17,76.1,62.3,68,76.1,62.3,68,59,73.9,0,0,0,,0,0,32.2,11.7,264.4,1014.6,44.8,9.8,323.4,27.7,10,10,2025-08-17T06:13:30,2025-08-17T19:31:02,0.8,Partially cloudy,Clearing in the afternoon.,partly-cloudy-day,"KNKX,CQ199,KSAN,72290023188,KMYF,72290303131,72293193107"
san diego,2025-08-18,77.9,63,69.3,77.9,63,69.3,60.6,75.2,0,0,0,,0,0,19.7,9.9,254.2,1013.9,30.1,9.2,329.9,28.4,10,10,2025-08-18T06:14:10,2025-08-18T19:29:54,0.84,Partially cloudy,Clearing in the afternoon.,partly-cloudy-day,"MPEC1,KNKX,CQ199,KSAN,72290023188,KMYF,72290303131,72293193107"
san diego,2025-08-19,81.7,61.4,70.3,82,61.4,70.4,61.1,75.2,0,0,0,,0,0,21,10.6,290.3,1015.3,17,8.3,329.2,28.5,10,10,2025-08-19T06:14:51,2025-08-19T19:28:46,0.88,Clear,Clear conditions throughout the day.,clear-day,"KNKX,CQ199,KSAN,72290023188,KMYF,72290303131,72293193107"
san diego,2025-08-20,83.9,62.8,72.7,84.9,62.8,72.7,60.4,69.3,0,0,0,,0,0,19.9,11.4,302.8,1013.2,24.4,7.8,303.6,26.2,10,10,2025-08-20T06:15:31,2025-08-20T19:27:37,0.91,Partially cloudy,Clearing in the afternoon.,partly-cloudy-day,"KNKX,CQ199,KSAN,72290023188,KMYF,72290303131,72293193107"
san diego,2025-08-21,84.9,64.8,74.3,84.4,64.8,74.3,61,65.9,0,0,0,,0,0,31.1,8.7,235.8,1010.6,1.8,9.6,281.2,24.3,9,10,2025-08-21T06:16:11,2025-08-21T19:26:27,0.95,Clear,Clear conditions throughout the day.,clear-day,"MPEC1,KNKX,CQ199,KSAN,72290023188,KMYF,72290303131,72293193107"
san diego,2025-08-22,83.2,66.1,73.8,85.3,66.1,74.2,65.3,76.5,0,0,0,,0,0,19.9,9.5,240.7,1010.4,9.2,7.9,289.5,24.9,10,10,2025-08-22T06:16:51,2025-08-22T19:25:16,0,Clear,Clear conditions throughout the day.,clear-day,"MPEC1,KNKX,CQ199,KSAN,72290023188,KMYF,72290303131,72293193107"
san diego,2025-08-23,90.7,67.1,75.3,92,67.1,75.6,64.6,72.4,0,0,0,,0,0,25.1,13.8,262.8,1011.4,19.1,8.4,279.4,24.2,9,10,2025-08-23T06:17:30,2025-08-23T19:24:05,0.02,Clear,Clear conditions throughout the day.,clear-day,"KNKX,CQ199,KSAN,72290023188,KMYF,72290303131,72293193107"
san diego,2025-08-24,83.5,68.6,74.3,85,68.6,74.8,65.2,74.9,0,0,0,,0,0,20.8,10,265.4,1011.5,5.2,9,302,25.9,10,10,2025-08-24T06:18:10,2025-08-24T19:22:52,0.05,Clear,Clear conditions throughout the day.,clear-day,"MPEC1,KNKX,CQ199,KSAN,72290023188,KMYF,72290303131,72293193107"
san diego,2025-08-25,79.8,66.9,71.4,79.8,66.9,71.4,64.1,78.8,0,0,0,,0,0,19.9,9.7,254.9,1011.8,28.2,9,249.1,21.6,10,10,2025-08-25T06:18:50,2025-08-25T19:21:39,0.08,Partially cloudy,Clearing in the afternoon.,partly-cloudy-day,"MPEC1,KNKX,CQ199,KSAN,72290023188,KMYF,72290303131,72293193107"
san diego,2025-08-26,79,65.9,71.6,79,65.9,71.6,63.4,76.2,0,0,0,,0,0,20.4,10,250.1,1014.1,28.1,9.2,294.8,25.5,10,10,2025-08-26T06:19:29,2025-08-26T19:20:26,0.11,Partially cloudy,Clearing in the afternoon.,partly-cloudy-day,"MPEC1,KNKX,CQ199,KSAN,72290023188,KMYF,72290303131"
san diego,2025-08-27,86.5,66.3,74.2,87.3,66.3,74.2,62.8,70.5,0,0,0,,0,0,22.8,10.3,280.3,1016,3.6,9.7,252.2,21.8,9,10,2025-08-27T06:20:09,2025-08-27T19:19:12,0.15,Clear,Clear conditions throughout the day.,clear-day,"MPEC1,KNKX,CQ199,KSAN,72290023188,KMYF,72290303131"
san diego,2025-08-28,79.1,69.8,73.9,79.1,69.8,73.9,66.6,78.5,0.053,100,16.67,rain,0,0,13,9.6,312.3,1016,40.9,8.7,93.6,8.1,4,10,2025-08-28T06:20:48,2025-08-28T19:17:57,0.18,"Rain, Partially cloudy",Partly cloudy throughout the day with rain in the morning and afternoon.,rain,"MPEC1,KNKX,CQ199,KSAN,KMYF"
san diego,2025-08-29,90.1,66.7,77.3,91.2,66.7,77.4,57.3,54.1,0,0,0,,0,0,23,13.1,308.3,1014.6,0.2,9.9,307.8,26.6,10,10,2025-08-29T06:21:27,2025-08-29T19:16:41,0.21,Clear,Clear conditions throughout the day.,clear-day,"MPEC1,KNKX,CQ199,KSAN,KMYF"
san diego,2025-08-30,87.7,66.1,76.2,86.3,66.1,75.8,57.8,56.1,0,0,0,,0,0,18.3,11.9,298.7,1012.7,0.1,9.9,311.4,27.1,10,10,2025-08-30T06:22:06,2025-08-30T19:15:25,0.25,Clear,Clear conditions throughout the day.,clear-day,"MPEC1,KNKX,CQ199,KSAN,KMYF"
san diego,2025-08-31,87.4,65,74.6,87.4,65,74.9,62.3,68.4,0,0,0,,0,0,21.9,11.4,294.1,1012,18.7,8.1,312.7,27.1,10,10,2025-08-31T06:22:45,2025-08-31T19:14:09,0.28,Clear,Clear conditions throughout the day.,clear-day,"MPEC1,KNKX,CQ199,KSAN,KMYF"
san diego,2025-09-01,84.8,65.6,74,85.5,65.6,74.4,64.3,73.9,0,0,0,,0,0,19.7,11.4,295.4,1012.3,13.4,9,297.8,25.7,10,10,2025-09-01T06:23:24,2025-09-01T19:12:52,0.31,Clear,Clear conditions throughout the day.,clear-day,"MPEC1,KNKX,CQ199,KSAN,KMYF"
san diego,2025-09-02,86.7,68.8,74.3,88.7,68.8,74.8,66,76.7,0,0,0,,0,0,25.3,12.3,296.6,1012.6,21.2,9.3,275.3,23.9,10,10,2025-09-02T06:24:03,2025-09-02T19:11:34,0.34,Partially cloudy,Clearing in the afternoon.,partly-cloudy-day,"MPEC1,KNKX,CQ199,KSAN,KMYF"
san diego,2025-09-03,86.9,67,74.8,90.4,67,75.4,64.5,72.9,0,0,0,,0,0,20.8,11.4,275.4,1012.8,12.1,9.1,298.7,25.8,9,15,2025-09-03T06:24:42,2025-09-03T19:10:16,0.37,Clear,Clear conditions throughout the day.,clear-day,"MPEC1,KNKX,KSAN,CQ199"
san diego,2025-09-04,82.1,65.2,72.1,83.4,65.2,72.3,63.9,77.1,0,0,0,,0,0,20.4,12.8,286.6,1011,20.1,9.4,301.5,26.1,9,10,2025-09-04T06:25:20,2025-09-04T19:08:58,0.4,Partially cloudy,Clearing in the afternoon.,partly-cloudy-day,"KNKX,CQ199,KSAN,KMYF"
san diego,2025-09-05,78.7,65.9,70.6,78.7,65.9,70.6,62.5,77.2,0,0,0,,0,0,20.8,9.9,280.7,1010.2,37,8.4,289,24.9,10,10,2025-09-05T06:25:59,2025-09-05T19:07:39,0.44,Partially cloudy,Clearing in the afternoon.,partly-cloudy-day,"KNKX,CQ199,KSAN,KMYF"
san diego,2025-09-06,80.7,64.8,71.2,82,64.8,71.3,62.5,75.8,0,0,0,,0,0,21.9,8.8,282.7,1013.6,25.7,9.1,296.3,25.8,9,10,2025-09-06T06:26:37,2025-09-06T19:06:20,0.47,Partially cloudy,Clearing in the afternoon.,partly-cloudy-day,"KNKX,CQ199,KSAN,KMYF"
san diego,2025-09-07,87.7,65.3,75.4,86.3,65.3,75.1,58.9,61,0,0,0,,0,0,22.1,9.5,299.2,1016.2,0.5,9.9,296.6,25.6,9,10,2025-09-07T06:27:16,2025-09-07T19:05:00,0.5,Clear,Clear conditions throughout the day.,clear-day,"KNKX,CQ199,KSAN,KMYF"
san diego,2025-09-08,83.9,65.3,72.7,83.6,65.3,72.7,61.1,69.5,0,0,0,,0,0,22.4,14.2,297.3,1015.9,11,9.1,299.2,26,9,10,2025-09-08T06:27:54,2025-09-08T19:03:41,0.54,Clear,Clear conditions throughout the day.,clear-day,"KNKX,CQ199,KSAN,KMYF"
san diego,2025-09-09,76.3,64.1,69.3,76.3,64.1,69.3,60.6,74.8,0,0,0,,0,0,21.9,10.4,266.5,1012.9,49,9.9,293.9,25.4,10,10,2025-09-09T06:28:33,2025-09-09T19:02:20,0.57,Partially cloudy,Clearing in the afternoon.,partly-cloudy-day,"KNKX,CQ199,KSAN,KMYF"
san diego,2025-09-10,74.4,65.7,69.5,74.4,65.7,69.5,59.7,71.8,0,0,0,,0,0,28.9,13,248.5,1012.5,61,9.9,277.5,23.9,10,10,2025-09-10T06:29:11,2025-09-10T19:01:00,0.61,Partially cloudy,Clearing in the afternoon.,partly-cloudy-day,"KNKX,CQ199,KSAN,KMYF"
san diego,2025-09-11,74.9,65.6,69.7,74.9,65.6,69.7,58.6,68.3,0,0,0,,0,0,22.6,11.9,293.5,1013.6,55.8,9.9,289,24.9,9,10,2025-09-11T06:29:50,2025-09-11T18:59:39,0.64,Partially cloudy,Partly cloudy throughout the day.,partly-cloudy-day,"KNKX,CQ199,KSAN,KMYF"
san diego,2025-09-12,73.7,64.4,68.6,73.7,64.4,68.6,58.3,70.1,0,0,0,,0,0,24.2,9.9,223.4,1013.2,64.8,9.9,268.7,23.4,9,10,2025-09-12T06:30:28,2025-09-12T18:58:19,0.68,Partially cloudy,Clearing in the afternoon.,partly-cloudy-day,"KNKX,CQ199,KSAN,KMYF"
san diego,2025-09-13,73.7,65,68.3,73.7,65,68.3,59.8,74.6,0,0,0,,0,0,21,13.8,278.7,1012.5,90.7,9.9,179.7,15.4,7,10,2025-09-13T06:31:07,2025-09-13T18:56:58,0.71,Overcast,Cloudy skies throughout the day.,cloudy,"KNKX,CQ199,KSAN,KMYF"
san diego,2025-09-14,76.2,63.8,68.6,76.2,63.8,68.6,61.9,79.6,0,0,0,,0,0,19.9,9.6,283.1,1011,56.6,9.8,243.7,21.1,10,10,2025-09-14T06:31:45,2025-09-14T18:55:37,0.75,Partially cloudy,Clearing in the afternoon.,partly-cloudy-day,"KNKX,CQ199,KSAN,KMYF"
san diego,2025-09-15,80.7,65.9,72.4,82.3,65.9,72.6,63.1,74.3,0,0,0,,0,0,18.3,9.6,308.1,1010.9,38,9.6,253.9,21.8,9,10,2025-09-15T06:32:24,2025-09-15T18:54:15,0.79,Partially cloudy,Clearing in the afternoon.,partly-cloudy-day,"MPEC1,KNKX,CQ199,KSAN,KMYF"
san diego,2025-09-16,89,65.7,76.5,86.6,65.7,75.9,58.1,59.7,0,0,0,,0,0,23,13,315,1012.3,21.1,8,275.3,23.7,9,10,2025-09-16T06:33:02,2025-09-16T18:52:54,0.82,Partially cloudy,Clearing in the afternoon.,partly-cloudy-day,"KNKX,CQ199,KSAN,KMYF"
san diego,2025-09-17,84.2,69.4,73.6,83.7,69.4,73.6,60.6,65.4,0.021,100,8.33,rain,0,0,21.9,14.9,308.1,1012,19.8,9.7,137.8,11.8,6,10,2025-09-17T06:33:41,2025-09-17T18:51:32,0.86,Rain,Clear conditions throughout the day with afternoon rain.,rain,"MPEC1,KNKX,CQ199,KSAN,KMYF"
san diego,2025-09-18,82,68.8,74,85.4,68.8,74.6,66.5,78.5,0.317,100,41.67,rain,0,0,21.9,11.9,298.4,1009.9,59.8,9.2,257,22.1,9,10,2025-09-18T06:34:20,2025-09-18T18:50:11,0.89,"Rain, Partially cloudy",Partly cloudy throughout the day with rain clearing later.,rain,"KNKX,CQ199,KSAN,KMYF"
san diego,2025-09-19,80.7,67.3,72.6,82.8,67.3,72.9,65.6,79.7,0,0,0,,0,0,18.1,10.7,298.9,1012,18.8,9.4,266.3,23,9,10,2025-09-19T06:34:59,2025-09-19T18:48:49,0.93,Clear,Clear conditions throughout the day.,clear-day,"MPEC1,KNKX,CQ199,KSAN,KMYF"
san diego,2025-09-20,77.7,65.7,69.9,77.7,65.7,69.9,64.8,85,0,0,0,,0,0,20.8,11.8,312.8,1013.7,45.2,8.4,255.1,22.1,9,10,2025-09-20T06:35:38,2025-09-20T18:47:28,0.96,Partially cloudy,Clearing in the afternoon.,partly-cloudy-day,"KNKX,CQ199,KSAN,KMYF"
san diego,2025-09-21,77.7,64.8,68.2,77.7,64.8,68.2,64,87.2,0.026,100,8.33,rain,0,0,20.8,12.3,337.8,1012.1,82.2,6.7,46.6,4,2,10,2025-09-21T06:36:17,2025-09-21T18:46:06,0,"Rain, Partially cloudy",Partly cloudy throughout the day with late afternoon rain.,rain,"KNKX,CQ199,KSAN,KMYF"
san diego,2025-09-22,85.5,66.9,71.7,85.8,66.9,71.9,64.7,80.9,0,0,0,,0,0,20.8,11.4,312.9,1010.1,49.4,7.5,201.5,17.4,9,10,2025-09-22T06:36:56,2025-09-22T18:44:45,0.03,Partially cloudy,Clearing in the afternoon.,partly-cloudy-day,"MPEC1,KNKX,CQ199,KSAN,KMYF"
san diego,2025-09-23,86.2,65.9,73.3,87.6,65.9,73.6,63.8,74.3,0,0,0,,0,0,20.4,10.3,298.4,1010.2,13.5,9.7,231.4,20.1,9,10,2025-09-23T06:37:35,2025-09-23T18:43:24,0.06,Clear,Clear conditions throughout the day.,clear-day,"MPEC1,KNKX,KSAN,CQ199,KMYF"
san diego,2025-09-24,81.3,66.5,72.2,82,66.5,72.4,63.6,75.9,0,0,0,,0,0,19.7,12.8,304,1013.7,14.4,9.4,270.9,23.4,9,10,2025-09-24T06:38:14,2025-09-24T18:42:03,0.1,Clear,Clear conditions throughout the day.,clear-day,"MPEC1,KNKX,CQ199,KSAN,KMYF"
san diego,2025-09-25,75.2,64.8,68.7,75.2,64.8,68.7,62.6,81.6,0,0,0,,0,0,20.4,11.9,287.9,1014.5,58.2,8.3,257,22.4,9,10,2025-09-25T06:38:54,2025-09-25T18:40:42,0.13,Partially cloudy,Clearing in the afternoon.,partly-cloudy-day,"MPEC1,KNKX,KSAN,CQ199,KMYF"
san diego,2025-09-26,73.4,65.7,68.2,73.4,65.7,68.2,59.5,74.1,0,0,0,,0,0,24.2,12.3,188.3,1012.1,96,9.8,178.8,15.5,7,10,2025-09-26T06:39:34,2025-09-26T18:39:21,0.16,Overcast,Cloudy skies throughout the day.,cloudy,"MPEC1,KNKX,CQ199,KSAN,KMYF"
san diego,2025-09-27,74,64.1,68.5,74,64.1,68.5,58.8,71.8,0,0,0,,0,0,24.2,11,219.1,1012.1,70.4,9.9,166.4,14.3,7,10,2025-09-27T06:40:13,2025-09-27T18:38:00,0.19,Partially cloudy,Partly cloudy throughout the day.,partly-cloudy-day,"MPEC1,KNKX,CQ199,KSAN,KMYF"
san diego,2025-09-28,75.2,63.8,68.8,75.2,63.8,68.8,59,71.6,0,0,0,,0,0,24.2,10.3,273.4,1014.9,46.3,9.8,207.9,17.9,8,10,2025-09-28T06:40:54,2025-09-28T18:36:40,0.23,Partially cloudy,Partly cloudy throughout the day.,partly-cloudy-day,"MPEC1,KNKX,CQ199,KSAN,KMYF"
san diego,2025-09-29,75.2,61.1,67.6,75.2,61.1,67.6,60.7,79.4,0,0,0,,0,0,19.9,12.3,303.1,1014.8,43.3,9.9,195.8,16.9,8,10,2025-09-29T06:41:34,2025-09-29T18:35:20,0.25,Partially cloudy,Partly cloudy throughout the day.,partly-cloudy-day,"MPEC1,KNKX,CQ199,KSAN,KMYF"
san diego,2025-09-30,73.4,62.2,68.3,73.4,62.2,68.3,58.4,71.5,0,0,0,,0,0,24.5,11.4,302.6,1015.5,41.5,9.9,226.4,19.6,8,10,2025-09-30T06:42:14,2025-09-30T18:34:00,0.29,Partially cloudy,Clearing in the afternoon.,partly-cloudy-day,"MPEC1,KNKX,CQ199,KSAN,KMYF"
san diego,2025-10-01,75.2,58.9,66.9,75.2,58.9,66.9,58.7,76.3,0,0,0,,0,0,22.8,13.1,302.5,1015.8,8.4,9.8,261.4,22.4,9,10,2025-10-01T06:42:55,2025-10-01T18:32:40,0.32,Clear,Clear conditions throughout the day.,clear-day,"MPEC1,KNKX,CQ199,KSAN,KMYF"
san diego,2025-10-02,75.8,59.2,66.6,75.8,59.2,66.6,58.7,77.3,0,0,0,,0,0,21,12.7,299.7,1015.7,28.9,9.5,265.7,23,9,10,2025-10-02T06:43:36,2025-10-02T18:31:21,0.36,Partially cloudy,Clearing in the afternoon.,partly-cloudy-day,"MPEC1,KNKX,KSAN,CQ199,KMYF"
san diego,2025-10-03,73.4,60.8,66.4,73.4,60.8,66.4,58.2,75.6,0,0,0,,0,0,25.1,13.5,260.2,1015.1,51,9.9,225.8,19.6,8,10,2025-10-03T06:44:17,2025-10-03T18:30:03,0.39,Partially cloudy,Partly cloudy throughout the day.,partly-cloudy-day,"MPEC1,KNKX,KSAN,CQ199,KMYF"
san diego,2025-10-04,72.4,55.1,64.2,72.4,55.1,64.2,54.7,73.4,0,0,0,,0,0,20.1,12.3,297.8,1011.9,4.4,9.9,258.5,22.5,9,10,2025-10-04T06:44:59,2025-10-04T18:28:44,0.42,Clear,Clear conditions throughout the day.,clear-day,"KNKX,CQ199,KSAN,KMYF"
san diego,2025-10-05,72.4,56.4,64.1,72.4,56.4,64.1,57.4,79.9,0,0,0,,0,0,19,10.7,256.1,1009,40.6,9.9,236.9,20.6,9,10,2025-10-05T06:45:41,2025-10-05T18:27:26,0.46,Partially cloudy,Partly cloudy throughout the day.,partly-cloudy-day,"KNKX,CQ199,KSAN,KMYF"
san diego,2025-10-06,70.7,61.4,65.2,70.7,61.4,65.2,57.6,76.7,0,0,0,,0,0,20.4,10.3,270.9,1009.6,58.9,9.8,199.2,17.2,8,10,2025-10-06T06:46:23,2025-10-06T18:26:09,0.5,Partially cloudy,Partly cloudy throughout the day.,partly-cloudy-day,"KNKX,CQ199,KSAN,KMYF"
san diego,2025-10-07,73.4,58.8,65.5,73.4,58.8,65.5,58.3,78.4,0,0,0,,0,0,21,11.9,306,1011,36,9.9,220.2,18.9,9,10,2025-10-07T06:47:05,2025-10-07T18:24:52,0.52,Partially cloudy,Clearing in the afternoon.,partly-cloudy-day,"KNKX,CQ199,KSAN,KMYF"
san diego,2025-10-08,73.7,62.1,66.5,73.7,62.1,66.5,58.7,76.8,0,0,0,,0,0,19.2,13.5,314.9,1011.9,48.6,9.9,224,19.3,9,10,2025-10-08T06:47:48,2025-10-08T18:23:36,0.56,Partially cloudy,Clearing in the afternoon.,partly-cloudy-day,"KNKX,CQ199,KSAN,KMYF"
san diego,2025-10-09,74.6,59.5,67.2,74.6,59.5,67.2,57.5,72.4,0.007,100,4.17,rain,0,0,22.1,12.8,316.5,1012,36.1,9.9,224.3,19.3,8,10,2025-10-09T06:48:31,2025-10-09T18:22:20,0.59,"Rain, Partially cloudy",Becoming cloudy in the afternoon with late afternoon rain.,rain,"KNKX,CQ199,KSAN,KMYF"
san diego,2025-10-10,77.3,63.5,69,77.3,63.5,69,59,71.6,0,0,0,,0,0,20.8,12.3,315.5,1010.3,9.8,9.9,162.3,13.9,8,10,2025-10-10T06:49:14,2025-10-10T18:21:05,0.63,Clear,Clear conditions throughout the day.,clear-day,"KNKX,CQ199,KSAN,KMYF"
san diego,2025-10-11,75.6,61.1,67.6,75.6,61.1,67.6,60,77.9,0,0,0,,0,0,18.8,10.2,232.8,1008.6,11.4,9.5,246,21.2,9,10,2025-10-11T06:49:58,2025-10-11T18:19:50,0.66,Clear,Clear conditions throughout the day.,clear-day,"KNKX,CQ199,KSAN,KMYF"
san diego,2025-10-12,72.4,59.5,64.8,72.4,59.5,64.8,57.2,77.7,0,0,0,,0,0,19.9,9.5,223.5,1006.9,50.3,9.7,242.4,20.7,9,10,2025-10-12T06:50:42,2025-10-12T18:18:36,0.7,Partially cloudy,Clearing in the afternoon.,partly-cloudy-day,"KNKX,CQ199,KSAN,KMYF"
san diego,2025-10-13,67.6,58.3,63.1,67.6,58.3,63.1,53.7,72.1,0,0,0,,0,0,27.7,15.7,173.5,1008.6,82.8,9.9,135.3,11.6,6,10,2025-10-13T06:51:26,2025-10-13T18:17:23,0.75,Partially cloudy,Partly cloudy throughout the day.,partly-cloudy-day,"KNKX,CQ199,KSAN,KMYF"
san diego,2025-10-14,68.3,58.6,61.3,68.3,58.6,61.3,54.2,78.9,0.159,100,25,rain,0,0,37.2,21.5,155,1012.7,81.7,8.8,93.7,8.1,4,10,2025-10-14T06:52:11,2025-10-14T18:16:10,0.77,"Rain, Partially cloudy",Partly cloudy throughout the day with rain.,rain,"MPEC1,KNKX,CQ199,KSAN,KMYF"
san diego,2025-10-15,66.2,55.1,59.8,66.2,55.1,59.8,53.2,80,0.077,100,20.83,rain,0,0,24,13.1,322.6,1015.2,46.7,9.7,182.5,15.8,9,10,2025-10-15T06:52:56,2025-10-15T18:14:58,0.8,"Rain, Partially cloudy",Partly cloudy throughout the day with morning rain.,rain,"KNKX,CQ199,KSAN,KMYF"
san diego,2025-10-16,71.7,50.4,60.8,71.7,50.4,60.8,49.7,69.4,0,0,0,,0,0,20.1,12.3,323,1012.8,0,9.9,242.8,21,8,10,2025-10-16T06:53:42,2025-10-16T18:13:47,0.84,Clear,Clear conditions throughout the day.,clear-day,"KNKX,CQ199,KSAN,KMYF"
san diego,2025-10-17,78.1,53.1,64.3,78.1,53.1,64.3,49.9,63,0,0,0,,0,0,23.3,13,311.5,1012.4,0,9.9,241.3,20.7,8,10,2025-10-17T06:54:27,2025-10-17T18:12:37,0.87,Clear,Clear conditions throughout the day.,clear-day,"KNKX,CQ199,KSAN,KMYF"
san diego,2025-10-18,84.2,55.1,67.7,81.5,55.1,67.2,44.3,48.6,0,0,0,,0,0,21.9,12.3,302.8,1014.7,0.1,9.9,240.7,20.6,8,10,2025-10-18T06:55:14,2025-10-18T18:11:28,0.91,Clear,Clear conditions throughout the day.,clear-day,"KNKX,CQ199,KSAN,KMYF"
san diego,2025-10-19,81.4,54.1,67.1,79.7,54.1,66.8,42.9,46.3,0,0,0,,0,0,21,10.3,308.6,1015.9,0.1,9.9,240.9,20.7,8,10,2025-10-19T06:56:00,2025-10-19T18:10:19,0.94,Clear,Clear conditions throughout the day.,clear-day,"KNKX,CQ199,KSAN,KMYF"
san diego,2025-10-20,81.3,54.5,66.8,79.7,54.5,66.7,43.8,47.2,0,0,0,,0,0,22.4,11.9,317.9,1016.4,0,9.9,238.6,20.7,8,10,2025-10-20T06:56:47,2025-10-20T18:09:12,0.97,Clear,Clear conditions throughout the day.,clear-day,"KNKX,CQ199,KSAN,KMYF"
san diego,2025-10-21,77.7,52.5,63.7,77.7,52.5,63.7,54,73.9,0,0,0,,0,0,22.6,11.6,296.5,1016.1,22.9,8.5,178.8,15.5,7,10,2025-10-21T06:57:35,2025-10-21T18:08:05,0,Partially cloudy,Partly cloudy throughout the day.,partly-cloudy-day,"KNKX,CQ199,KSAN,KMYF"
san diego,2025-10-22,71.1,57.4,64.1,71.1,57.4,64.1,56.7,78,0,0,0,,0,0,22.9,12.9,296.5,1016.7,43.3,9.8,210,18.2,8,10,2025-10-22T06:58:22,2025-10-22T18:07:00,0.04,Partially cloudy,Partly cloudy throughout the day.,partly-cloudy-day,"KNKX,CQ199,KSAN,KMYF"
san diego,2025-10-23,71.1,56,63,71.1,56,63,56,79.1,0,0,0,,0,0,19.7,10.3,309.8,1016.6,28.9,9.9,218.8,18.9,8,10,2025-10-23T06:59:11,2025-10-23T18:05:55,0.08,Partially cloudy,Partly cloudy throughout the day.,partly-cloudy-day,"KNKX,CQ199,KSAN,KMYF"
san diego,2025-10-24,76.8,55.1,63.5,76.8,55.1,63.5,57.6,83,0,0,0,,0,0,20.1,10.3,288.6,1015.4,37.7,8,202.8,17.5,8,10,2025-10-24T06:59:59,2025-10-24T18:04:51,0.11,Partially cloudy,Clearing in the afternoon.,partly-cloudy-day,"KNKX,CQ199,KSAN,KMYF"
san diego,2025-10-25,72.7,60.8,64.2,72.7,60.8,64.2,57.4,79.5,0,0,0,,0,0,18.6,11,313,1015.7,57.6,7.9,200.2,17.2,8,10,2025-10-25T07:00:48,2025-10-25T18:03:49,0.14,Partially cloudy,Clearing in the afternoon.,partly-cloudy-day,"KNKX,CQ199,KSAN,KMYF"
san diego,2025-10-26,71.8,56.6,62,71.8,56.6,62,55.8,81.4,0,0,0,,0,0,17,10.7,290,1015.9,40,8.2,205.9,17.7,8,10,2025-10-26T07:01:38,2025-10-26T18:02:47,0.18,Partially cloudy,Clearing in the afternoon.,partly-cloudy-day,"KNKX,CQ199,KSAN,KMYF"
san diego,2025-10-27,70.8,56.7,63.4,70.8,56.7,63.4,56.2,78.3,0,0,0,,0,0,23,9.5,305.9,1014.5,41.1,8.9,200.9,17.2,8,10,2025-10-27T07:02:27,2025-10-27T18:01:47,0.21,Partially cloudy,Clearing in the afternoon.,partly-cloudy-day,"KNKX,CQ199,KSAN,KMYF"
san diego,2025-10-28,81.7,55.7,65.8,81.5,55.7,65.8,56.4,74.8,0,0,0,,0,0,18.1,8.1,308.5,1014.5,1.1,8.1,217.9,18.7,8,10,2025-10-28T07:03:18,2025-10-28T18:00:48,0.24,Clear,Clear conditions throughout the day.,clear-day,"KNKX,CQ199,KSAN,KMYF"
san diego,2025-10-29,91.1,58.3,72.2,86.8,58.3,71,41.2,40.3,0,0,0,,0,0,17.2,12.3,324.8,1014.5,0.1,9.7,222.6,19.2,8,10,2025-10-29T07:04:08,2025-10-29T17:59:50,0.25,Clear,Clear conditions throughout the day.,clear-day,"KNKX,CQ199,KSAN,KMYF"
san diego,2025-10-30,85.5,57.8,69.3,82.3,57.8,68.8,40.8,41.2,0,0,0,,0,0,19.7,9.5,226.6,1013.3,7.1,9.3,216.4,18.6,8,10,2025-10-30T07:04:59,2025-10-30T17:58:53,0.31,Clear,Clear conditions throughout the day.,clear-day,"KNKX,CQ199,KSAN,KMYF"
san diego,2025-10-31,71.3,59.2,63.7,71.3,59.2,63.7,57.1,80.1,0,0,0,,0,0,17.2,7,218.8,1014.7,42,7.4,195.6,16.9,8,10,2025-10-31T07:05:50,2025-10-31T17:57:57,0.34,Partially cloudy,Clearing in the afternoon.,partly-cloudy-day,"KNKX,CQ199,KSAN,KMYF"
san diego,2025-11-01,71.7,57.6,62.4,71.7,57.6,62.4,57.4,85,0,0,0,,0,0,15.4,8,299.6,1016.5,66.9,6.4,181,15.6,8,10,2025-11-01T07:06:42,2025-11-01T17:57:03,0.37,Partially cloudy,Clearing in the afternoon.,partly-cloudy-day,"KNKX,CQ199,KSAN,KMYF"
san diego,2025-11-02,75.2,57,62.4,75.2,57,62.4,57.4,85.2,0,0,0,,0,0,21.9,11.8,308.9,1016.9,52.9,5,187.8,17,8,10,2025-11-02T06:07:34,2025-11-02T16:56:10,0.41,Partially cloudy,Clearing in the afternoon.,partly-cloudy-day,"KNKX,CQ199,KSAN,KMYF"
san diego,2025-11-03,73.7,55.3,61.9,73.7,55.3,61.9,56.8,85.2,0,0,0,,0,0,15.2,7.3,321.3,1017,46.8,5.5,175.3,15.4,7,10,2025-11-03T06:08:26,2025-11-03T16:55:19,0.44,Partially cloudy,Clearing in the afternoon.,partly-cloudy-day,"KNKX,CQ199,KSAN,KMYF"
san diego,2025-11-04,73.4,54.1,62.5,73.4,54.1,62.5,56,81.1,0,0,0,,0,0,17.2,9.5,290.2,1018.7,57.6,7.8,192.7,16.5,8,10,2025-11-04T06:09:19,2025-11-04T16:54:28,0.48,Partially cloudy,Clearing in the afternoon.,partly-cloudy-day,"KNKX,CQ199,KSAN,KMYF"
san diego,2025-11-05,69.5,55.7,62.6,69.5,55.7,62.6,53.5,72.8,0,0,0,,0,0,19.7,11.8,303.3,1021.4,38.6,9.9,196.1,16.9,7,10,2025-11-05T06:10:12,2025-11-05T16:53:40,0.5,Partially cloudy,Clearing in the afternoon.,partly-cloudy-day,"MPEC1,KNKX,CQ199,KSAN,KMYF"
san diego,2025-11-06,68.3,53.1,61.5,68.3,53.1,61.5,54.9,79.3,0,0,0,,0,0,21.9,13.1,314,1018.9,35,9.9,195.3,16.8,7,10,2025-11-06T06:11:05,2025-11-06T16:52:52,0.54,Partially cloudy,Becoming cloudy in the afternoon.,partly-cloudy-day,"KNKX,CQ199,KSAN,KMYF"
san diego,2025-11-07,72.7,57.6,63.2,72.7,57.6,63.2,57.3,82,0,0,0,,0,0,19,9.6,295.3,1013.2,55.6,8,187.9,16.2,7,10,2025-11-07T06:11:58,2025-11-07T16:52:06,0.58,Partially cloudy,Clearing in the afternoon.,partly-cloudy-day,"KNKX,CQ199,KSAN,KMYF"
san diego,2025-11-08,69.2,54.5,59.9,69.2,54.5,59.9,55.8,87.6,0,0,0,,0,0,16.3,6.6,228.2,1013.5,40.8,4.2,192.5,16.5,7,10,2025-11-08T06:12:52,2025-11-08T16:51:22,0.61,Partially cloudy,Clearing in the afternoon.,partly-cloudy-day,"KNKX,CQ199,KSAN,KMYF"
san diego,2025-11-09,78.7,52.1,62.3,78.7,52.1,62.3,56.5,84.3,0,0,0,,0,0,17,8.1,308.8,1017.4,62.3,3.5,190.8,16.5,7,10,2025-11-09T06:13:46,2025-11-09T16:50:38,0.65,Partially cloudy,Clearing in the afternoon.,partly-cloudy-day,"KNKX,CQ199,KSAN,KMYF"
san diego,2025-11-10,85.4,55.8,65.4,82.8,55.8,65.2,55.9,77.5,0,0,0,,0,0,21.9,10.7,319.2,1018.5,44,4.8,194.5,16.7,7,10,2025-11-10T06:14:40,2025-11-10T16:49:57,0.68,Partially cloudy,Clearing in the afternoon.,partly-cloudy-day,"KNKX,CQ199,KSAN,KMYF"
san diego,2025-11-11,74.2,53.1,62.5,74.2,53.1,62.5,56.4,82.6,0,0,0,,0,0,20.8,9.6,303.3,1017.7,24.8,7.6,174.1,15.1,7,10,2025-11-11T06:15:34,2025-11-11T16:49:17,0.75,Partially cloudy,Partly cloudy throughout the day.,partly-cloudy-day,"KNKX,CQ199,KSAN,KMYF"
san diego,2025-11-12,74.9,57.3,64.5,74.9,57.3,64.5,57.4,79.8,0,0,0,,0,0,20.8,13.8,317.9,1017.2,38.8,6.5,151.8,13.2,7,10,2025-11-12T06:16:29,2025-11-12T16:48:39,0.75,Partially cloudy,Clearing in the afternoon.,partly-cloudy-day,"KNKX,CQ199,KSAN,KMYF"
san diego,2025-11-13,78.5,57,66.4,78.5,57,66.4,50.7,60.3,0.004,100,4.17,rain,0,0,21.9,13.1,251.6,1016.8,31.8,9.6,172,14.9,7,10,2025-11-13T06:17:23,2025-11-13T16:48:02,0.78,"Rain, Partially cloudy",Partly cloudy throughout the day with late afternoon rain.,rain,"KNKX,CQ199,KSAN,KMYF"
san diego,2025-11-14,69.4,60.4,63.8,69.4,60.4,63.8,56.9,78.7,0.074,100,33.33,rain,0,0,16.6,10.8,44.6,1014.6,83.6,9.4,36.9,3.2,1,10,2025-11-14T06:18:18,2025-11-14T16:47:27,0.81,"Rain, Partially cloudy",Partly cloudy throughout the day with a chance of rain throughout the day.,rain,"KNKX,CQ199,KSAN,KMYF"
san diego,2025-11-15,63.5,56.7,60.7,63.5,56.7,60.7,56.9,87.7,0.812,100,50,rain,0,0,32.9,15.4,155.7,1011.1,75.5,8.2,32.6,3,2,10,2025-11-15T06:19:13,2025-11-15T16:46:53,0.85,"Rain, Partially cloudy",Partly cloudy throughout the day with rain.,rain,"KNKX,CQ199,KSAN,KMYF"
san diego,2025-11-16,63.8,54.8,58.9,63.8,54.8,58.9,55.3,88.3,0.077,100,8.33,rain,0,0,23,11.8,162.4,1015.2,56.5,9.8,101.5,8.9,6,10,2025-11-16T06:20:08,2025-11-16T16:46:21,0.88,"Rain, Partially cloudy",Partly cloudy throughout the day with afternoon rain.,rain,"KNKX,CQ199,KSAN,KMYF"
san diego,2025-11-17,66.2,52.8,59,66.2,52.8,59,52.9,81.8,0.518,100,12.5,rain,0,0,21.9,13.1,202.4,1013.3,35.4,8.9,151.3,13.1,7,10,2025-11-17T06:21:02,2025-11-17T16:45:51,0.92,"Rain, Partially cloudy",Partly cloudy throughout the day with late afternoon rain.,rain,"KNKX,CQ199,KSAN,KMYF"
san diego,2025-11-18,60.5,49.6,54.6,60.5,48.6,54.6,48.8,81.8,0.398,100,29.17,rain,0,0,16.1,10.2,157.9,1013.8,60.4,9.3,127.9,11,6,10,2025-11-18T06:21:57,2025-11-18T16:45:23,0.95,"Rain, Partially cloudy",Partly cloudy throughout the day with rain.,rain,"MPEC1,KNKX,CQ199,KSAN,KMYF"
san diego,2025-11-19,62.2,46.4,54,62.2,44,53.4,46.1,76.4,0,0,0,,0,0,16.1,11.9,328.7,1016.7,11.4,9.9,171.8,14.9,6,10,2025-11-19T06:22:52,2025-11-19T16:44:56,0,Clear,Clear conditions throughout the day.,clear-day,"KNKX,CQ199,KSAN,KMYF"
san diego,2025-11-20,63.1,48,55.5,63.1,46.1,55.4,48.9,79.8,0.123,100,25,rain,0,0,28.9,13.1,153.7,1015.9,68.1,9.1,123.2,10.6,5,10,2025-11-20T06:23:47,2025-11-20T16:44:31,0.02,"Rain, Partially cloudy",Partly cloudy throughout the day with late afternoon rain.,rain,"KNKX,CQ199,KSAN,KMYF"
san diego,2025-11-21,63.4,54.1,57.1,63.4,54.1,57.1,52.2,84.4,0.349,100,41.67,rain,0,0,29.1,11.4,126.7,1013.1,72,8.7,101.8,8.8,6,10,2025-11-21T06:24:41,2025-11-21T16:44:07,0.05,"Rain, Partially cloudy",Partly cloudy throughout the day with a chance of rain throughout the day.,rain,"KNKX,CQ199,KSAN,KMYF"
san diego,2025-11-22,65,54.5,59.8,65,54.5,59.8,46.3,61.4,0,0,0,,0,0,19.7,10.7,14.5,1012.7,71,9.9,54.3,4.6,2,10,2025-11-22T06:25:36,2025-11-22T16:43:46,0.09,Partially cloudy,Partly cloudy throughout the day.,partly-cloudy-day,"KNKX,CQ199,KSAN,KMYF"
san diego,2025-11-23,67,49.9,58.9,67,49,58.9,51.1,76.7,0,0,0,,0,0,19.7,11.1,165,1017.9,22.5,9.3,177.5,15.4,7,10,2025-11-23T06:26:30,2025-11-23T16:43:26,0.12,Partially cloudy,Partly cloudy throughout the day.,partly-cloudy-day,"KNKX,CQ199,KSAN,KMYF"
san diego,2025-11-24,66.8,49.3,58,66.8,49.3,58,54.2,88.4,0,0,0,,0,0,14.1,8,311.2,1019.9,27.7,7.7,158.9,13.6,6,10,2025-11-24T06:27:24,2025-11-24T16:43:08,0.15,Partially cloudy,Partly cloudy throughout the day.,partly-cloudy-day,"KNKX,CQ199,KSAN,KMYF"
san diego,2025-11-25,75.5,49,60.3,75.5,47.2,60.2,48.9,70,0,0,0,,0,0,13.2,8.5,340.6,1017.6,0.1,9.4,183.1,15.8,7,10,2025-11-25T06:28:17,2025-11-25T16:42:52,0.19,Clear,Clear conditions throughout the day.,clear-day,"MPEC1,KNKX,CQ199,KSAN,KMYF"
san diego,2025-11-26,81,49.9,63.3,79.4,49.3,63.1,37.4,42.3,0,0,0,,0,0,13.9,9.1,349.7,1017.3,0.3,9.9,185.5,16,7,10,2025-11-26T06:29:10,2025-11-26T16:42:38,0.22,Clear,Clear conditions throughout the day.,clear-day,"KNKX,CQ199,KSAN,KMYF"
san diego,2025-11-27,79.1,53.1,62.4,79.1,53.1,62.4,39.4,49.1,0,0,0,,0,0,19.7,9.1,337.4,1016.8,0.7,9.9,176.2,15,7,10,2025-11-27T06:30:03,2025-11-27T16:42:25,0.25,Clear,Clear conditions throughout the day.,clear-day,"MPEC1,KNKX,KSAN,CQ199,KMYF"
san diego,2025-11-28,72,49,58.1,72,49,58.1,46.6,69,0,0,0,,0,0,12.8,8,255.4,1016.3,1,8.7,163.7,14.3,6,10,2025-11-28T06:30:56,2025-11-28T16:42:15,0.29,Clear,Clear conditions throughout the day.,clear-day,"MPEC1,KNKX,CQ199,KSAN,KMYF"
san diego,2025-11-29,67.2,43.6,55.3,67.2,43.6,55.3,49.5,82.2,0,0,0,,0,0,11.4,7.3,293.7,1015.9,11.6,7.8,171.9,14.8,7,10,2025-11-29T06:31:48,2025-11-29T16:42:06,0.33,Clear,Clear conditions throughout the day.,clear-day,"MPEC1,KNKX,CQ199,KSAN,KMYF"
san diego,2025-11-30,62.8,52.4,56.9,62.8,52.4,56.9,51.7,83.3,0,0,0,,0,0,12.8,6.2,307.1,1015.4,53.4,6.6,169.6,14.7,6,10,2025-11-30T06:32:39,2025-11-30T16:41:59,0.36,Partially cloudy,Clearing in the afternoon.,partly-cloudy-day,"MPEC1,KNKX,KSAN,CQ199,KMYF"
